seed,n_consecutive_deviations,n_permutations,n_samples,update_interval,lpd (ht),lpd (nb),acc (ht-no dd),acc (nb-no dd),acc (ht-dd),acc (nb-dd),f1 (ht-no dd),f1 (nb-no dd),f1 (ht-dd),f1 (nb-dd),drifts
1669975433,1,10,100,50,-0.01852631578947368,0.021263157894736852,0.9752631578947368,0.5563157894736842,0.8826315789473684,0.6626315789473685,0.9752408746819505,0.43338256493707483,0.8823849783659978,0.631407506406258,"[454, 547, 712, 920, 1129]"
1669975435,1,10,100,100,-0.015999999999999993,0.023894736842105257,0.9752631578947368,0.5563157894736842,0.8952631578947369,0.6757894736842105,0.9752408746819505,0.43338256493707483,0.8950629053615057,0.6501887139832458,"[454, 571, 712, 920, 1151]"
1669975437,1,10,100,250,-0.025000000000000022,0.07078947368421051,0.9752631578947368,0.5563157894736842,0.9252631578947368,0.6978947368421052,0.9752408746819505,0.43338256493707483,0.9251024913276569,0.6789100488848115,"[712, 1658]"
1669975439,1,10,250,50,-0.01728070175438597,0.013947368421052634,0.9752631578947368,0.5563157894736842,0.871578947368421,0.64,0.9752408746819505,0.43338256493707483,0.8712502610542593,0.6060189726905303,"[443, 586, 691, 1065, 1301, 1840]"
1669975441,1,10,250,100,-0.0168421052631579,0.020947368421052624,0.9752631578947368,0.5563157894736842,0.8910526315789473,0.6610526315789473,0.9752408746819505,0.43338256493707483,0.8908542644956665,0.6340628947670636,"[443, 586, 691, 1092, 1840]"
1669975444,1,10,250,250,-0.022280701754385974,0.00842105263157896,0.9752631578947368,0.5563157894736842,0.9084210526315789,0.5815789473684211,0.9752408746819505,0.43338256493707483,0.9081241996300513,0.5011280352172892,"[586, 1548, 1840]"
1669975446,1,10,500,50,-0.021315789473684205,0.02828947368421053,0.9752631578947368,0.5563157894736842,0.89,0.6694736842105263,0.9752408746819505,0.43338256493707483,0.8895218222917753,0.6444559926388207,"[852, 1217, 1440, 1539]"
1669975449,1,10,500,100,-0.02140350877192983,0.042982456140350865,0.9752631578947368,0.5563157894736842,0.9110526315789473,0.6852631578947368,0.9752408746819505,0.43338256493707483,0.9108005752543407,0.6636148641847235,"[852, 987, 1539]"
1669975451,1,10,500,250,-0.026578947368421035,0.06842105263157894,0.9752631578947368,0.5563157894736842,0.9221052631578948,0.6931578947368421,0.9752408746819505,0.43338256493707483,0.9218801221025914,0.6712001683626112,"[852, 1539]"
1669975454,1,10,1000,50,0,0,0.9752631578947368,0.5563157894736842,0.9752631578947368,0.5563157894736842,0.9752408746819505,0.43338256493707483,0.9752408746819505,0.43338256493707483,[]
1669975456,1,10,1000,100,-0.02631578947368418,0.0031578947368421373,0.9752631578947368,0.5563157894736842,0.9489473684210527,0.5594736842105263,0.9752408746819505,0.43338256493707483,0.9488875484465891,0.4571196927672285,[1392]
1669975459,1,10,1000,250,-0.023684210526315752,0.00736842105263158,0.9752631578947368,0.5563157894736842,0.9515789473684211,0.5636842105263158,0.9752408746819505,0.43338256493707483,0.9515093142063284,0.45158957550157214,[1352]
1669975461,1,20,100,50,-0.01852631578947368,0.021263157894736852,0.9752631578947368,0.5563157894736842,0.8826315789473684,0.6626315789473685,0.9752408746819505,0.43338256493707483,0.8823849783659978,0.631407506406258,"[454, 547, 712, 920, 1129]"
1669975464,1,20,100,100,-0.015999999999999993,0.023894736842105257,0.9752631578947368,0.5563157894736842,0.8952631578947369,0.6757894736842105,0.9752408746819505,0.43338256493707483,0.8950629053615057,0.6501887139832458,"[454, 571, 712, 920, 1151]"
1669975466,1,20,100,250,-0.025000000000000022,0.07078947368421051,0.9752631578947368,0.5563157894736842,0.9252631578947368,0.6978947368421052,0.9752408746819505,0.43338256493707483,0.9251024913276569,0.6789100488848115,"[712, 1658]"
1669975468,1,20,250,50,-0.01728070175438597,0.013947368421052634,0.9752631578947368,0.5563157894736842,0.871578947368421,0.64,0.9752408746819505,0.43338256493707483,0.8712502610542593,0.6060189726905303,"[443, 586, 691, 1065, 1301, 1840]"
1669975470,1,20,250,100,-0.0168421052631579,0.020947368421052624,0.9752631578947368,0.5563157894736842,0.8910526315789473,0.6610526315789473,0.9752408746819505,0.43338256493707483,0.8908542644956665,0.6340628947670636,"[443, 586, 691, 1092, 1840]"
1669975473,1,20,250,250,-0.022280701754385974,0.00842105263157896,0.9752631578947368,0.5563157894736842,0.9084210526315789,0.5815789473684211,0.9752408746819505,0.43338256493707483,0.9081241996300513,0.5011280352172892,"[586, 1548, 1840]"
1669975475,1,20,500,50,-0.021315789473684205,0.02828947368421053,0.9752631578947368,0.5563157894736842,0.89,0.6694736842105263,0.9752408746819505,0.43338256493707483,0.8895218222917753,0.6444559926388207,"[852, 1217, 1440, 1539]"
1669975478,1,20,500,100,-0.02140350877192983,0.042982456140350865,0.9752631578947368,0.5563157894736842,0.9110526315789473,0.6852631578947368,0.9752408746819505,0.43338256493707483,0.9108005752543407,0.6636148641847235,"[852, 987, 1539]"
1669975480,1,20,500,250,-0.026578947368421035,0.06842105263157894,0.9752631578947368,0.5563157894736842,0.9221052631578948,0.6931578947368421,0.9752408746819505,0.43338256493707483,0.9218801221025914,0.6712001683626112,"[852, 1539]"
1669975483,1,20,1000,50,0,0,0.9752631578947368,0.5563157894736842,0.9752631578947368,0.5563157894736842,0.9752408746819505,0.43338256493707483,0.9752408746819505,0.43338256493707483,[]
1669975485,1,20,1000,100,-0.02631578947368418,0.0031578947368421373,0.9752631578947368,0.5563157894736842,0.9489473684210527,0.5594736842105263,0.9752408746819505,0.43338256493707483,0.9488875484465891,0.4571196927672285,[1392]
1669975488,1,20,1000,250,-0.023684210526315752,0.00736842105263158,0.9752631578947368,0.5563157894736842,0.9515789473684211,0.5636842105263158,0.9752408746819505,0.43338256493707483,0.9515093142063284,0.45158957550157214,[1352]
1669975490,1,40,100,50,-0.01852631578947368,0.021263157894736852,0.9752631578947368,0.5563157894736842,0.8826315789473684,0.6626315789473685,0.9752408746819505,0.43338256493707483,0.8823849783659978,0.631407506406258,"[454, 547, 712, 920, 1129]"
1669975493,1,40,100,100,-0.015999999999999993,0.023894736842105257,0.9752631578947368,0.5563157894736842,0.8952631578947369,0.6757894736842105,0.9752408746819505,0.43338256493707483,0.8950629053615057,0.6501887139832458,"[454, 571, 712, 920, 1151]"
1669975495,1,40,100,250,-0.025000000000000022,0.07078947368421051,0.9752631578947368,0.5563157894736842,0.9252631578947368,0.6978947368421052,0.9752408746819505,0.43338256493707483,0.9251024913276569,0.6789100488848115,"[712, 1658]"
1669975497,1,40,250,50,-0.01728070175438597,0.013947368421052634,0.9752631578947368,0.5563157894736842,0.871578947368421,0.64,0.9752408746819505,0.43338256493707483,0.8712502610542593,0.6060189726905303,"[443, 586, 691, 1065, 1301, 1840]"
1669975499,1,40,250,100,-0.0168421052631579,0.020947368421052624,0.9752631578947368,0.5563157894736842,0.8910526315789473,0.6610526315789473,0.9752408746819505,0.43338256493707483,0.8908542644956665,0.6340628947670636,"[443, 586, 691, 1092, 1840]"
1669975502,1,40,250,250,-0.022280701754385974,0.00842105263157896,0.9752631578947368,0.5563157894736842,0.9084210526315789,0.5815789473684211,0.9752408746819505,0.43338256493707483,0.9081241996300513,0.5011280352172892,"[586, 1548, 1840]"
1669975504,1,40,500,50,-0.021315789473684205,0.02828947368421053,0.9752631578947368,0.5563157894736842,0.89,0.6694736842105263,0.9752408746819505,0.43338256493707483,0.8895218222917753,0.6444559926388207,"[852, 1217, 1440, 1539]"
1669975507,1,40,500,100,-0.02140350877192983,0.042982456140350865,0.9752631578947368,0.5563157894736842,0.9110526315789473,0.6852631578947368,0.9752408746819505,0.43338256493707483,0.9108005752543407,0.6636148641847235,"[852, 987, 1539]"
1669975509,1,40,500,250,-0.026578947368421035,0.06842105263157894,0.9752631578947368,0.5563157894736842,0.9221052631578948,0.6931578947368421,0.9752408746819505,0.43338256493707483,0.9218801221025914,0.6712001683626112,"[852, 1539]"
1669975512,1,40,1000,50,0,0,0.9752631578947368,0.5563157894736842,0.9752631578947368,0.5563157894736842,0.9752408746819505,0.43338256493707483,0.9752408746819505,0.43338256493707483,[]
1669975514,1,40,1000,100,-0.02631578947368418,0.0031578947368421373,0.9752631578947368,0.5563157894736842,0.9489473684210527,0.5594736842105263,0.9752408746819505,0.43338256493707483,0.9488875484465891,0.4571196927672285,[1392]
1669975517,1,40,1000,250,-0.023684210526315752,0.00736842105263158,0.9752631578947368,0.5563157894736842,0.9515789473684211,0.5636842105263158,0.9752408746819505,0.43338256493707483,0.9515093142063284,0.45158957550157214,[1352]
1669975519,4,10,100,50,0,0,0.9752631578947368,0.5563157894736842,0.9752631578947368,0.5563157894736842,0.9752408746819505,0.43338256493707483,0.9752408746819505,0.43338256493707483,[]
1669975521,4,10,100,100,0,0,0.9752631578947368,0.5563157894736842,0.9752631578947368,0.5563157894736842,0.9752408746819505,0.43338256493707483,0.9752408746819505,0.43338256493707483,[]
1669975524,4,10,100,250,0,0,0.9752631578947368,0.5563157894736842,0.9752631578947368,0.5563157894736842,0.9752408746819505,0.43338256493707483,0.9752408746819505,0.43338256493707483,[]
1669975526,4,10,250,50,0,0,0.9752631578947368,0.5563157894736842,0.9752631578947368,0.5563157894736842,0.9752408746819505,0.43338256493707483,0.9752408746819505,0.43338256493707483,[]
1669975528,4,10,250,100,0,0,0.9752631578947368,0.5563157894736842,0.9752631578947368,0.5563157894736842,0.9752408746819505,0.43338256493707483,0.9752408746819505,0.43338256493707483,[]
1669975530,4,10,250,250,0,0,0.9752631578947368,0.5563157894736842,0.9752631578947368,0.5563157894736842,0.9752408746819505,0.43338256493707483,0.9752408746819505,0.43338256493707483,[]
1669975533,4,10,500,50,0,0,0.9752631578947368,0.5563157894736842,0.9752631578947368,0.5563157894736842,0.9752408746819505,0.43338256493707483,0.9752408746819505,0.43338256493707483,[]
1669975535,4,10,500,100,0,0,0.9752631578947368,0.5563157894736842,0.9752631578947368,0.5563157894736842,0.9752408746819505,0.43338256493707483,0.9752408746819505,0.43338256493707483,[]
1669975537,4,10,500,250,0,0,0.9752631578947368,0.5563157894736842,0.9752631578947368,0.5563157894736842,0.9752408746819505,0.43338256493707483,0.9752408746819505,0.43338256493707483,[]
1669975540,4,10,1000,50,0,0,0.9752631578947368,0.5563157894736842,0.9752631578947368,0.5563157894736842,0.9752408746819505,0.43338256493707483,0.9752408746819505,0.43338256493707483,[]
1669975542,4,10,1000,100,0,0,0.9752631578947368,0.5563157894736842,0.9752631578947368,0.5563157894736842,0.9752408746819505,0.43338256493707483,0.9752408746819505,0.43338256493707483,[]
1669975545,4,10,1000,250,0,0,0.9752631578947368,0.5563157894736842,0.9752631578947368,0.5563157894736842,0.9752408746819505,0.43338256493707483,0.9752408746819505,0.43338256493707483,[]
1669975548,4,20,100,50,0,0,0.9752631578947368,0.5563157894736842,0.9752631578947368,0.5563157894736842,0.9752408746819505,0.43338256493707483,0.9752408746819505,0.43338256493707483,[]
1669975550,4,20,100,100,0,0,0.9752631578947368,0.5563157894736842,0.9752631578947368,0.5563157894736842,0.9752408746819505,0.43338256493707483,0.9752408746819505,0.43338256493707483,[]
1669975552,4,20,100,250,0,0,0.9752631578947368,0.5563157894736842,0.9752631578947368,0.5563157894736842,0.9752408746819505,0.43338256493707483,0.9752408746819505,0.43338256493707483,[]
1669975554,4,20,250,50,0,0,0.9752631578947368,0.5563157894736842,0.9752631578947368,0.5563157894736842,0.9752408746819505,0.43338256493707483,0.9752408746819505,0.43338256493707483,[]
1669975556,4,20,250,100,0,0,0.9752631578947368,0.5563157894736842,0.9752631578947368,0.5563157894736842,0.9752408746819505,0.43338256493707483,0.9752408746819505,0.43338256493707483,[]
1669975558,4,20,250,250,0,0,0.9752631578947368,0.5563157894736842,0.9752631578947368,0.5563157894736842,0.9752408746819505,0.43338256493707483,0.9752408746819505,0.43338256493707483,[]
1669975561,4,20,500,50,0,0,0.9752631578947368,0.5563157894736842,0.9752631578947368,0.5563157894736842,0.9752408746819505,0.43338256493707483,0.9752408746819505,0.43338256493707483,[]
1669975563,4,20,500,100,0,0,0.9752631578947368,0.5563157894736842,0.9752631578947368,0.5563157894736842,0.9752408746819505,0.43338256493707483,0.9752408746819505,0.43338256493707483,[]
1669975566,4,20,500,250,0,0,0.9752631578947368,0.5563157894736842,0.9752631578947368,0.5563157894736842,0.9752408746819505,0.43338256493707483,0.9752408746819505,0.43338256493707483,[]
1669975568,4,20,1000,50,0,0,0.9752631578947368,0.5563157894736842,0.9752631578947368,0.5563157894736842,0.9752408746819505,0.43338256493707483,0.9752408746819505,0.43338256493707483,[]
1669975571,4,20,1000,100,0,0,0.9752631578947368,0.5563157894736842,0.9752631578947368,0.5563157894736842,0.9752408746819505,0.43338256493707483,0.9752408746819505,0.43338256493707483,[]
1669975573,4,20,1000,250,0,0,0.9752631578947368,0.5563157894736842,0.9752631578947368,0.5563157894736842,0.9752408746819505,0.43338256493707483,0.9752408746819505,0.43338256493707483,[]
1669975576,4,40,100,50,0,0,0.9752631578947368,0.5563157894736842,0.9752631578947368,0.5563157894736842,0.9752408746819505,0.43338256493707483,0.9752408746819505,0.43338256493707483,[]
1669975578,4,40,100,100,0,0,0.9752631578947368,0.5563157894736842,0.9752631578947368,0.5563157894736842,0.9752408746819505,0.43338256493707483,0.9752408746819505,0.43338256493707483,[]
1669975580,4,40,100,250,0,0,0.9752631578947368,0.5563157894736842,0.9752631578947368,0.5563157894736842,0.9752408746819505,0.43338256493707483,0.9752408746819505,0.43338256493707483,[]
1669975582,4,40,250,50,0,0,0.9752631578947368,0.5563157894736842,0.9752631578947368,0.5563157894736842,0.9752408746819505,0.43338256493707483,0.9752408746819505,0.43338256493707483,[]
1669975585,4,40,250,100,0,0,0.9752631578947368,0.5563157894736842,0.9752631578947368,0.5563157894736842,0.9752408746819505,0.43338256493707483,0.9752408746819505,0.43338256493707483,[]
1669975587,4,40,250,250,0,0,0.9752631578947368,0.5563157894736842,0.9752631578947368,0.5563157894736842,0.9752408746819505,0.43338256493707483,0.9752408746819505,0.43338256493707483,[]
1669975589,4,40,500,50,0,0,0.9752631578947368,0.5563157894736842,0.9752631578947368,0.5563157894736842,0.9752408746819505,0.43338256493707483,0.9752408746819505,0.43338256493707483,[]
1669975592,4,40,500,100,0,0,0.9752631578947368,0.5563157894736842,0.9752631578947368,0.5563157894736842,0.9752408746819505,0.43338256493707483,0.9752408746819505,0.43338256493707483,[]
1669975594,4,40,500,250,0,0,0.9752631578947368,0.5563157894736842,0.9752631578947368,0.5563157894736842,0.9752408746819505,0.43338256493707483,0.9752408746819505,0.43338256493707483,[]
1669975597,4,40,1000,50,0,0,0.9752631578947368,0.5563157894736842,0.9752631578947368,0.5563157894736842,0.9752408746819505,0.43338256493707483,0.9752408746819505,0.43338256493707483,[]
1669975599,4,40,1000,100,0,0,0.9752631578947368,0.5563157894736842,0.9752631578947368,0.5563157894736842,0.9752408746819505,0.43338256493707483,0.9752408746819505,0.43338256493707483,[]
1669975602,4,40,1000,250,0,0,0.9752631578947368,0.5563157894736842,0.9752631578947368,0.5563157894736842,0.9752408746819505,0.43338256493707483,0.9752408746819505,0.43338256493707483,[]
1669975604,1,10,100,50,-0.01852631578947368,0.021263157894736852,0.9752631578947368,0.5563157894736842,0.8826315789473684,0.6626315789473685,0.9752408746819505,0.43338256493707483,0.8823849783659978,0.631407506406258,"[454, 547, 712, 920, 1129]"
1669975607,1,10,100,100,-0.015999999999999993,0.023894736842105257,0.9752631578947368,0.5563157894736842,0.8952631578947369,0.6757894736842105,0.9752408746819505,0.43338256493707483,0.8950629053615057,0.6501887139832458,"[454, 571, 712, 920, 1151]"
1669975609,1,10,100,250,-0.01589473684210525,0.03821052631578947,0.9752631578947368,0.5563157894736842,0.8957894736842106,0.7473684210526316,0.9752408746819505,0.43338256493707483,0.89567838995318,0.7407311381903033,"[102, 134, 454, 712, 1658]"
1669975611,1,10,250,50,-0.01728070175438597,0.013947368421052634,0.9752631578947368,0.5563157894736842,0.871578947368421,0.64,0.9752408746819505,0.43338256493707483,0.8712502610542593,0.6060189726905303,"[443, 586, 691, 1065, 1301, 1840]"
1669975613,1,10,250,100,-0.0168421052631579,0.020947368421052624,0.9752631578947368,0.5563157894736842,0.8910526315789473,0.6610526315789473,0.9752408746819505,0.43338256493707483,0.8908542644956665,0.6340628947670636,"[443, 586, 691, 1092, 1840]"
1669975616,1,10,250,250,-0.022280701754385974,0.00842105263157896,0.9752631578947368,0.5563157894736842,0.9084210526315789,0.5815789473684211,0.9752408746819505,0.43338256493707483,0.9081241996300513,0.5011280352172892,"[586, 1548, 1840]"
1669975618,1,10,500,50,-0.021315789473684205,0.02828947368421053,0.9752631578947368,0.5563157894736842,0.89,0.6694736842105263,0.9752408746819505,0.43338256493707483,0.8895218222917753,0.6444559926388207,"[852, 1217, 1440, 1539]"
1669975621,1,10,500,100,-0.02140350877192983,0.042982456140350865,0.9752631578947368,0.5563157894736842,0.9110526315789473,0.6852631578947368,0.9752408746819505,0.43338256493707483,0.9108005752543407,0.6636148641847235,"[852, 987, 1539]"
1669975623,1,10,500,250,-0.026578947368421035,0.06842105263157894,0.9752631578947368,0.5563157894736842,0.9221052631578948,0.6931578947368421,0.9752408746819505,0.43338256493707483,0.9218801221025914,0.6712001683626112,"[852, 1539]"
1669975626,1,10,1000,50,0,0,0.9752631578947368,0.5563157894736842,0.9752631578947368,0.5563157894736842,0.9752408746819505,0.43338256493707483,0.9752408746819505,0.43338256493707483,[]
1669975628,1,10,1000,100,-0.02631578947368418,0.0031578947368421373,0.9752631578947368,0.5563157894736842,0.9489473684210527,0.5594736842105263,0.9752408746819505,0.43338256493707483,0.9488875484465891,0.4571196927672285,[1392]
1669975631,1,10,1000,250,-0.023684210526315752,0.00736842105263158,0.9752631578947368,0.5563157894736842,0.9515789473684211,0.5636842105263158,0.9752408746819505,0.43338256493707483,0.9515093142063284,0.45158957550157214,[1352]
1669975633,1,20,100,50,-0.01852631578947368,0.021263157894736852,0.9752631578947368,0.5563157894736842,0.8826315789473684,0.6626315789473685,0.9752408746819505,0.43338256493707483,0.8823849783659978,0.631407506406258,"[454, 547, 712, 920, 1129]"
1669975636,1,20,100,100,-0.015999999999999993,0.023894736842105257,0.9752631578947368,0.5563157894736842,0.8952631578947369,0.6757894736842105,0.9752408746819505,0.43338256493707483,0.8950629053615057,0.6501887139832458,"[454, 571, 712, 920, 1151]"
1669975638,1,20,100,250,-0.025000000000000022,0.07078947368421051,0.9752631578947368,0.5563157894736842,0.9252631578947368,0.6978947368421052,0.9752408746819505,0.43338256493707483,0.9251024913276569,0.6789100488848115,"[712, 1658]"
1669975640,1,20,250,50,-0.01728070175438597,0.013947368421052634,0.9752631578947368,0.5563157894736842,0.871578947368421,0.64,0.9752408746819505,0.43338256493707483,0.8712502610542593,0.6060189726905303,"[443, 586, 691, 1065, 1301, 1840]"
1669975642,1,20,250,100,-0.0168421052631579,0.020947368421052624,0.9752631578947368,0.5563157894736842,0.8910526315789473,0.6610526315789473,0.9752408746819505,0.43338256493707483,0.8908542644956665,0.6340628947670636,"[443, 586, 691, 1092, 1840]"
1669975645,1,20,250,250,-0.022280701754385974,0.00842105263157896,0.9752631578947368,0.5563157894736842,0.9084210526315789,0.5815789473684211,0.9752408746819505,0.43338256493707483,0.9081241996300513,0.5011280352172892,"[586, 1548, 1840]"
1669975647,1,20,500,50,-0.021315789473684205,0.02828947368421053,0.9752631578947368,0.5563157894736842,0.89,0.6694736842105263,0.9752408746819505,0.43338256493707483,0.8895218222917753,0.6444559926388207,"[852, 1217, 1440, 1539]"
1669975650,1,20,500,100,-0.02140350877192983,0.042982456140350865,0.9752631578947368,0.5563157894736842,0.9110526315789473,0.6852631578947368,0.9752408746819505,0.43338256493707483,0.9108005752543407,0.6636148641847235,"[852, 987, 1539]"
1669975652,1,20,500,250,-0.026578947368421035,0.06842105263157894,0.9752631578947368,0.5563157894736842,0.9221052631578948,0.6931578947368421,0.9752408746819505,0.43338256493707483,0.9218801221025914,0.6712001683626112,"[852, 1539]"
1669975655,1,20,1000,50,0,0,0.9752631578947368,0.5563157894736842,0.9752631578947368,0.5563157894736842,0.9752408746819505,0.43338256493707483,0.9752408746819505,0.43338256493707483,[]
1669975657,1,20,1000,100,-0.02631578947368418,0.0031578947368421373,0.9752631578947368,0.5563157894736842,0.9489473684210527,0.5594736842105263,0.9752408746819505,0.43338256493707483,0.9488875484465891,0.4571196927672285,[1392]
1669975660,1,20,1000,250,-0.023684210526315752,0.00736842105263158,0.9752631578947368,0.5563157894736842,0.9515789473684211,0.5636842105263158,0.9752408746819505,0.43338256493707483,0.9515093142063284,0.45158957550157214,[1352]
1669975662,1,40,100,50,-0.01852631578947368,0.021263157894736852,0.9752631578947368,0.5563157894736842,0.8826315789473684,0.6626315789473685,0.9752408746819505,0.43338256493707483,0.8823849783659978,0.631407506406258,"[454, 547, 712, 920, 1129]"
1669975665,1,40,100,100,-0.015999999999999993,0.023894736842105257,0.9752631578947368,0.5563157894736842,0.8952631578947369,0.6757894736842105,0.9752408746819505,0.43338256493707483,0.8950629053615057,0.6501887139832458,"[454, 571, 712, 920, 1151]"
1669975667,1,40,100,250,-0.025000000000000022,0.07078947368421051,0.9752631578947368,0.5563157894736842,0.9252631578947368,0.6978947368421052,0.9752408746819505,0.43338256493707483,0.9251024913276569,0.6789100488848115,"[712, 1658]"
1669975669,1,40,250,50,-0.01728070175438597,0.013947368421052634,0.9752631578947368,0.5563157894736842,0.871578947368421,0.64,0.9752408746819505,0.43338256493707483,0.8712502610542593,0.6060189726905303,"[443, 586, 691, 1065, 1301, 1840]"
1669975672,1,40,250,100,-0.0168421052631579,0.020947368421052624,0.9752631578947368,0.5563157894736842,0.8910526315789473,0.6610526315789473,0.9752408746819505,0.43338256493707483,0.8908542644956665,0.6340628947670636,"[443, 586, 691, 1092, 1840]"
1669975674,1,40,250,250,-0.022280701754385974,0.00842105263157896,0.9752631578947368,0.5563157894736842,0.9084210526315789,0.5815789473684211,0.9752408746819505,0.43338256493707483,0.9081241996300513,0.5011280352172892,"[586, 1548, 1840]"
1669975676,1,40,500,50,-0.021315789473684205,0.02828947368421053,0.9752631578947368,0.5563157894736842,0.89,0.6694736842105263,0.9752408746819505,0.43338256493707483,0.8895218222917753,0.6444559926388207,"[852, 1217, 1440, 1539]"
1669975679,1,40,500,100,-0.02140350877192983,0.042982456140350865,0.9752631578947368,0.5563157894736842,0.9110526315789473,0.6852631578947368,0.9752408746819505,0.43338256493707483,0.9108005752543407,0.6636148641847235,"[852, 987, 1539]"
1669975681,1,40,500,250,-0.026578947368421035,0.06842105263157894,0.9752631578947368,0.5563157894736842,0.9221052631578948,0.6931578947368421,0.9752408746819505,0.43338256493707483,0.9218801221025914,0.6712001683626112,"[852, 1539]"
1669975684,1,40,1000,50,0,0,0.9752631578947368,0.5563157894736842,0.9752631578947368,0.5563157894736842,0.9752408746819505,0.43338256493707483,0.9752408746819505,0.43338256493707483,[]
1669975686,1,40,1000,100,-0.02631578947368418,0.0031578947368421373,0.9752631578947368,0.5563157894736842,0.9489473684210527,0.5594736842105263,0.9752408746819505,0.43338256493707483,0.9488875484465891,0.4571196927672285,[1392]
1669975689,1,40,1000,250,-0.023684210526315752,0.00736842105263158,0.9752631578947368,0.5563157894736842,0.9515789473684211,0.5636842105263158,0.9752408746819505,0.43338256493707483,0.9515093142063284,0.45158957550157214,[1352]
1669975692,4,10,100,50,0,0,0.9752631578947368,0.5563157894736842,0.9752631578947368,0.5563157894736842,0.9752408746819505,0.43338256493707483,0.9752408746819505,0.43338256493707483,[]
1669975694,4,10,100,100,0,0,0.9752631578947368,0.5563157894736842,0.9752631578947368,0.5563157894736842,0.9752408746819505,0.43338256493707483,0.9752408746819505,0.43338256493707483,[]
1669975696,4,10,100,250,0,0,0.9752631578947368,0.5563157894736842,0.9752631578947368,0.5563157894736842,0.9752408746819505,0.43338256493707483,0.9752408746819505,0.43338256493707483,[]
1669975698,4,10,250,50,0,0,0.9752631578947368,0.5563157894736842,0.9752631578947368,0.5563157894736842,0.9752408746819505,0.43338256493707483,0.9752408746819505,0.43338256493707483,[]
1669975700,4,10,250,100,0,0,0.9752631578947368,0.5563157894736842,0.9752631578947368,0.5563157894736842,0.9752408746819505,0.43338256493707483,0.9752408746819505,0.43338256493707483,[]
1669975703,4,10,250,250,0,0,0.9752631578947368,0.5563157894736842,0.9752631578947368,0.5563157894736842,0.9752408746819505,0.43338256493707483,0.9752408746819505,0.43338256493707483,[]
1669975705,4,10,500,50,0,0,0.9752631578947368,0.5563157894736842,0.9752631578947368,0.5563157894736842,0.9752408746819505,0.43338256493707483,0.9752408746819505,0.43338256493707483,[]
1669975707,4,10,500,100,0,0,0.9752631578947368,0.5563157894736842,0.9752631578947368,0.5563157894736842,0.9752408746819505,0.43338256493707483,0.9752408746819505,0.43338256493707483,[]
1669975710,4,10,500,250,0,0,0.9752631578947368,0.5563157894736842,0.9752631578947368,0.5563157894736842,0.9752408746819505,0.43338256493707483,0.9752408746819505,0.43338256493707483,[]
1669975712,4,10,1000,50,0,0,0.9752631578947368,0.5563157894736842,0.9752631578947368,0.5563157894736842,0.9752408746819505,0.43338256493707483,0.9752408746819505,0.43338256493707483,[]
1669975715,4,10,1000,100,0,0,0.9752631578947368,0.5563157894736842,0.9752631578947368,0.5563157894736842,0.9752408746819505,0.43338256493707483,0.9752408746819505,0.43338256493707483,[]
1669975717,4,10,1000,250,0,0,0.9752631578947368,0.5563157894736842,0.9752631578947368,0.5563157894736842,0.9752408746819505,0.43338256493707483,0.9752408746819505,0.43338256493707483,[]
1669975720,4,20,100,50,0,0,0.9752631578947368,0.5563157894736842,0.9752631578947368,0.5563157894736842,0.9752408746819505,0.43338256493707483,0.9752408746819505,0.43338256493707483,[]
1669975722,4,20,100,100,0,0,0.9752631578947368,0.5563157894736842,0.9752631578947368,0.5563157894736842,0.9752408746819505,0.43338256493707483,0.9752408746819505,0.43338256493707483,[]
1669975724,4,20,100,250,0,0,0.9752631578947368,0.5563157894736842,0.9752631578947368,0.5563157894736842,0.9752408746819505,0.43338256493707483,0.9752408746819505,0.43338256493707483,[]
1669975726,4,20,250,50,0,0,0.9752631578947368,0.5563157894736842,0.9752631578947368,0.5563157894736842,0.9752408746819505,0.43338256493707483,0.9752408746819505,0.43338256493707483,[]
1669975729,4,20,250,100,0,0,0.9752631578947368,0.5563157894736842,0.9752631578947368,0.5563157894736842,0.9752408746819505,0.43338256493707483,0.9752408746819505,0.43338256493707483,[]
1669975731,4,20,250,250,0,0,0.9752631578947368,0.5563157894736842,0.9752631578947368,0.5563157894736842,0.9752408746819505,0.43338256493707483,0.9752408746819505,0.43338256493707483,[]
1669975733,4,20,500,50,0,0,0.9752631578947368,0.5563157894736842,0.9752631578947368,0.5563157894736842,0.9752408746819505,0.43338256493707483,0.9752408746819505,0.43338256493707483,[]
1669975735,4,20,500,100,0,0,0.9752631578947368,0.5563157894736842,0.9752631578947368,0.5563157894736842,0.9752408746819505,0.43338256493707483,0.9752408746819505,0.43338256493707483,[]
1669975738,4,20,500,250,0,0,0.9752631578947368,0.5563157894736842,0.9752631578947368,0.5563157894736842,0.9752408746819505,0.43338256493707483,0.9752408746819505,0.43338256493707483,[]
1669975740,4,20,1000,50,0,0,0.9752631578947368,0.5563157894736842,0.9752631578947368,0.5563157894736842,0.9752408746819505,0.43338256493707483,0.9752408746819505,0.43338256493707483,[]
1669975743,4,20,1000,100,0,0,0.9752631578947368,0.5563157894736842,0.9752631578947368,0.5563157894736842,0.9752408746819505,0.43338256493707483,0.9752408746819505,0.43338256493707483,[]
1669975746,4,20,1000,250,0,0,0.9752631578947368,0.5563157894736842,0.9752631578947368,0.5563157894736842,0.9752408746819505,0.43338256493707483,0.9752408746819505,0.43338256493707483,[]
1669975748,4,40,100,50,0,0,0.9752631578947368,0.5563157894736842,0.9752631578947368,0.5563157894736842,0.9752408746819505,0.43338256493707483,0.9752408746819505,0.43338256493707483,[]
1669975750,4,40,100,100,0,0,0.9752631578947368,0.5563157894736842,0.9752631578947368,0.5563157894736842,0.9752408746819505,0.43338256493707483,0.9752408746819505,0.43338256493707483,[]
1669975752,4,40,100,250,0,0,0.9752631578947368,0.5563157894736842,0.9752631578947368,0.5563157894736842,0.9752408746819505,0.43338256493707483,0.9752408746819505,0.43338256493707483,[]
1669975754,4,40,250,50,0,0,0.9752631578947368,0.5563157894736842,0.9752631578947368,0.5563157894736842,0.9752408746819505,0.43338256493707483,0.9752408746819505,0.43338256493707483,[]
1669975757,4,40,250,100,0,0,0.9752631578947368,0.5563157894736842,0.9752631578947368,0.5563157894736842,0.9752408746819505,0.43338256493707483,0.9752408746819505,0.43338256493707483,[]
1669975759,4,40,250,250,0,0,0.9752631578947368,0.5563157894736842,0.9752631578947368,0.5563157894736842,0.9752408746819505,0.43338256493707483,0.9752408746819505,0.43338256493707483,[]
1669975761,4,40,500,50,0,0,0.9752631578947368,0.5563157894736842,0.9752631578947368,0.5563157894736842,0.9752408746819505,0.43338256493707483,0.9752408746819505,0.43338256493707483,[]
1669975764,4,40,500,100,0,0,0.9752631578947368,0.5563157894736842,0.9752631578947368,0.5563157894736842,0.9752408746819505,0.43338256493707483,0.9752408746819505,0.43338256493707483,[]
1669975766,4,40,500,250,0,0,0.9752631578947368,0.5563157894736842,0.9752631578947368,0.5563157894736842,0.9752408746819505,0.43338256493707483,0.9752408746819505,0.43338256493707483,[]
1669975769,4,40,1000,50,0,0,0.9752631578947368,0.5563157894736842,0.9752631578947368,0.5563157894736842,0.9752408746819505,0.43338256493707483,0.9752408746819505,0.43338256493707483,[]
1669975771,4,40,1000,100,0,0,0.9752631578947368,0.5563157894736842,0.9752631578947368,0.5563157894736842,0.9752408746819505,0.43338256493707483,0.9752408746819505,0.43338256493707483,[]
1669975774,4,40,1000,250,0,0,0.9752631578947368,0.5563157894736842,0.9752631578947368,0.5563157894736842,0.9752408746819505,0.43338256493707483,0.9752408746819505,0.43338256493707483,[]
1669975776,1,10,100,50,-0.01852631578947368,0.021263157894736852,0.9752631578947368,0.5563157894736842,0.8826315789473684,0.6626315789473685,0.9752408746819505,0.43338256493707483,0.8823849783659978,0.631407506406258,"[454, 547, 712, 920, 1129]"
1669975779,1,10,100,100,-0.015999999999999993,0.023894736842105257,0.9752631578947368,0.5563157894736842,0.8952631578947369,0.6757894736842105,0.9752408746819505,0.43338256493707483,0.8950629053615057,0.6501887139832458,"[454, 571, 712, 920, 1151]"
1669975781,1,10,100,250,-0.02105263157894738,0.04355263157894737,0.9752631578947368,0.5563157894736842,0.8910526315789473,0.7305263157894737,0.9752408746819505,0.43338256493707483,0.8909402184356785,0.720948591203455,"[176, 454, 712, 1658]"
1669975783,1,10,250,50,-0.01728070175438597,0.013947368421052634,0.9752631578947368,0.5563157894736842,0.871578947368421,0.64,0.9752408746819505,0.43338256493707483,0.8712502610542593,0.6060189726905303,"[443, 586, 691, 1065, 1301, 1840]"
1669975785,1,10,250,100,-0.0168421052631579,0.020947368421052624,0.9752631578947368,0.5563157894736842,0.8910526315789473,0.6610526315789473,0.9752408746819505,0.43338256493707483,0.8908542644956665,0.6340628947670636,"[443, 586, 691, 1092, 1840]"
1669975788,1,10,250,250,-0.022280701754385974,0.00842105263157896,0.9752631578947368,0.5563157894736842,0.9084210526315789,0.5815789473684211,0.9752408746819505,0.43338256493707483,0.9081241996300513,0.5011280352172892,"[586, 1548, 1840]"
1669975790,1,10,500,50,-0.021315789473684205,0.02828947368421053,0.9752631578947368,0.5563157894736842,0.89,0.6694736842105263,0.9752408746819505,0.43338256493707483,0.8895218222917753,0.6444559926388207,"[852, 1217, 1440, 1539]"
1669975793,1,10,500,100,-0.02140350877192983,0.042982456140350865,0.9752631578947368,0.5563157894736842,0.9110526315789473,0.6852631578947368,0.9752408746819505,0.43338256493707483,0.9108005752543407,0.6636148641847235,"[852, 987, 1539]"
1669975795,1,10,500,250,-0.026578947368421035,0.06842105263157894,0.9752631578947368,0.5563157894736842,0.9221052631578948,0.6931578947368421,0.9752408746819505,0.43338256493707483,0.9218801221025914,0.6712001683626112,"[852, 1539]"
1669975798,1,10,1000,50,0,0,0.9752631578947368,0.5563157894736842,0.9752631578947368,0.5563157894736842,0.9752408746819505,0.43338256493707483,0.9752408746819505,0.43338256493707483,[]
1669975800,1,10,1000,100,-0.02631578947368418,0.0031578947368421373,0.9752631578947368,0.5563157894736842,0.9489473684210527,0.5594736842105263,0.9752408746819505,0.43338256493707483,0.9488875484465891,0.4571196927672285,[1392]
1669975803,1,10,1000,250,-0.023684210526315752,0.00736842105263158,0.9752631578947368,0.5563157894736842,0.9515789473684211,0.5636842105263158,0.9752408746819505,0.43338256493707483,0.9515093142063284,0.45158957550157214,[1352]
1669975806,1,20,100,50,-0.01852631578947368,0.021263157894736852,0.9752631578947368,0.5563157894736842,0.8826315789473684,0.6626315789473685,0.9752408746819505,0.43338256493707483,0.8823849783659978,0.631407506406258,"[454, 547, 712, 920, 1129]"
1669975808,1,20,100,100,-0.015999999999999993,0.023894736842105257,0.9752631578947368,0.5563157894736842,0.8952631578947369,0.6757894736842105,0.9752408746819505,0.43338256493707483,0.8950629053615057,0.6501887139832458,"[454, 571, 712, 920, 1151]"
1669975810,1,20,100,250,-0.019210526315789483,0.04723684210526316,0.9752631578947368,0.5563157894736842,0.8984210526315789,0.7452631578947368,0.9752408746819505,0.43338256493707483,0.8982451379240399,0.7376337508673265,"[137, 454, 712, 1658]"
1669975812,1,20,250,50,-0.01728070175438597,0.013947368421052634,0.9752631578947368,0.5563157894736842,0.871578947368421,0.64,0.9752408746819505,0.43338256493707483,0.8712502610542593,0.6060189726905303,"[443, 586, 691, 1065, 1301, 1840]"
1669975815,1,20,250,100,-0.0168421052631579,0.020947368421052624,0.9752631578947368,0.5563157894736842,0.8910526315789473,0.6610526315789473,0.9752408746819505,0.43338256493707483,0.8908542644956665,0.6340628947670636,"[443, 586, 691, 1092, 1840]"
1669975817,1,20,250,250,-0.022280701754385974,0.00842105263157896,0.9752631578947368,0.5563157894736842,0.9084210526315789,0.5815789473684211,0.9752408746819505,0.43338256493707483,0.9081241996300513,0.5011280352172892,"[586, 1548, 1840]"
1669975819,1,20,500,50,-0.021315789473684205,0.02828947368421053,0.9752631578947368,0.5563157894736842,0.89,0.6694736842105263,0.9752408746819505,0.43338256493707483,0.8895218222917753,0.6444559926388207,"[852, 1217, 1440, 1539]"
1669975822,1,20,500,100,-0.02140350877192983,0.042982456140350865,0.9752631578947368,0.5563157894736842,0.9110526315789473,0.6852631578947368,0.9752408746819505,0.43338256493707483,0.9108005752543407,0.6636148641847235,"[852, 987, 1539]"
1669975824,1,20,500,250,-0.026578947368421035,0.06842105263157894,0.9752631578947368,0.5563157894736842,0.9221052631578948,0.6931578947368421,0.9752408746819505,0.43338256493707483,0.9218801221025914,0.6712001683626112,"[852, 1539]"
1669975827,1,20,1000,50,0,0,0.9752631578947368,0.5563157894736842,0.9752631578947368,0.5563157894736842,0.9752408746819505,0.43338256493707483,0.9752408746819505,0.43338256493707483,[]
1669975829,1,20,1000,100,-0.02631578947368418,0.0031578947368421373,0.9752631578947368,0.5563157894736842,0.9489473684210527,0.5594736842105263,0.9752408746819505,0.43338256493707483,0.9488875484465891,0.4571196927672285,[1392]
1669975832,1,20,1000,250,-0.023684210526315752,0.00736842105263158,0.9752631578947368,0.5563157894736842,0.9515789473684211,0.5636842105263158,0.9752408746819505,0.43338256493707483,0.9515093142063284,0.45158957550157214,[1352]
1669975835,1,40,100,50,-0.01852631578947368,0.021263157894736852,0.9752631578947368,0.5563157894736842,0.8826315789473684,0.6626315789473685,0.9752408746819505,0.43338256493707483,0.8823849783659978,0.631407506406258,"[454, 547, 712, 920, 1129]"
1669975837,1,40,100,100,-0.015999999999999993,0.023894736842105257,0.9752631578947368,0.5563157894736842,0.8952631578947369,0.6757894736842105,0.9752408746819505,0.43338256493707483,0.8950629053615057,0.6501887139832458,"[454, 571, 712, 920, 1151]"
1669975839,1,40,100,250,-0.02105263157894738,0.04355263157894737,0.9752631578947368,0.5563157894736842,0.8910526315789473,0.7305263157894737,0.9752408746819505,0.43338256493707483,0.8909402184356785,0.720948591203455,"[176, 454, 712, 1658]"
1669975841,1,40,250,50,-0.01728070175438597,0.013947368421052634,0.9752631578947368,0.5563157894736842,0.871578947368421,0.64,0.9752408746819505,0.43338256493707483,0.8712502610542593,0.6060189726905303,"[443, 586, 691, 1065, 1301, 1840]"
1669975844,1,40,250,100,-0.0168421052631579,0.020947368421052624,0.9752631578947368,0.5563157894736842,0.8910526315789473,0.6610526315789473,0.9752408746819505,0.43338256493707483,0.8908542644956665,0.6340628947670636,"[443, 586, 691, 1092, 1840]"
1669975846,1,40,250,250,-0.022280701754385974,0.00842105263157896,0.9752631578947368,0.5563157894736842,0.9084210526315789,0.5815789473684211,0.9752408746819505,0.43338256493707483,0.9081241996300513,0.5011280352172892,"[586, 1548, 1840]"
1669975848,1,40,500,50,-0.021315789473684205,0.02828947368421053,0.9752631578947368,0.5563157894736842,0.89,0.6694736842105263,0.9752408746819505,0.43338256493707483,0.8895218222917753,0.6444559926388207,"[852, 1217, 1440, 1539]"
1669975851,1,40,500,100,-0.02140350877192983,0.042982456140350865,0.9752631578947368,0.5563157894736842,0.9110526315789473,0.6852631578947368,0.9752408746819505,0.43338256493707483,0.9108005752543407,0.6636148641847235,"[852, 987, 1539]"
1669975854,1,40,500,250,-0.026578947368421035,0.06842105263157894,0.9752631578947368,0.5563157894736842,0.9221052631578948,0.6931578947368421,0.9752408746819505,0.43338256493707483,0.9218801221025914,0.6712001683626112,"[852, 1539]"
1669975856,1,40,1000,50,0,0,0.9752631578947368,0.5563157894736842,0.9752631578947368,0.5563157894736842,0.9752408746819505,0.43338256493707483,0.9752408746819505,0.43338256493707483,[]
1669975859,1,40,1000,100,-0.02631578947368418,0.0031578947368421373,0.9752631578947368,0.5563157894736842,0.9489473684210527,0.5594736842105263,0.9752408746819505,0.43338256493707483,0.9488875484465891,0.4571196927672285,[1392]
1669975861,1,40,1000,250,-0.023684210526315752,0.00736842105263158,0.9752631578947368,0.5563157894736842,0.9515789473684211,0.5636842105263158,0.9752408746819505,0.43338256493707483,0.9515093142063284,0.45158957550157214,[1352]
1669975864,4,10,100,50,0,0,0.9752631578947368,0.5563157894736842,0.9752631578947368,0.5563157894736842,0.9752408746819505,0.43338256493707483,0.9752408746819505,0.43338256493707483,[]
1669975866,4,10,100,100,0,0,0.9752631578947368,0.5563157894736842,0.9752631578947368,0.5563157894736842,0.9752408746819505,0.43338256493707483,0.9752408746819505,0.43338256493707483,[]
1669975868,4,10,100,250,0,0,0.9752631578947368,0.5563157894736842,0.9752631578947368,0.5563157894736842,0.9752408746819505,0.43338256493707483,0.9752408746819505,0.43338256493707483,[]
1669975870,4,10,250,50,0,0,0.9752631578947368,0.5563157894736842,0.9752631578947368,0.5563157894736842,0.9752408746819505,0.43338256493707483,0.9752408746819505,0.43338256493707483,[]
1669975873,4,10,250,100,0,0,0.9752631578947368,0.5563157894736842,0.9752631578947368,0.5563157894736842,0.9752408746819505,0.43338256493707483,0.9752408746819505,0.43338256493707483,[]
1669975875,4,10,250,250,0,0,0.9752631578947368,0.5563157894736842,0.9752631578947368,0.5563157894736842,0.9752408746819505,0.43338256493707483,0.9752408746819505,0.43338256493707483,[]
1669975877,4,10,500,50,0,0,0.9752631578947368,0.5563157894736842,0.9752631578947368,0.5563157894736842,0.9752408746819505,0.43338256493707483,0.9752408746819505,0.43338256493707483,[]
1669975879,4,10,500,100,0,0,0.9752631578947368,0.5563157894736842,0.9752631578947368,0.5563157894736842,0.9752408746819505,0.43338256493707483,0.9752408746819505,0.43338256493707483,[]
1669975882,4,10,500,250,0,0,0.9752631578947368,0.5563157894736842,0.9752631578947368,0.5563157894736842,0.9752408746819505,0.43338256493707483,0.9752408746819505,0.43338256493707483,[]
1669975884,4,10,1000,50,0,0,0.9752631578947368,0.5563157894736842,0.9752631578947368,0.5563157894736842,0.9752408746819505,0.43338256493707483,0.9752408746819505,0.43338256493707483,[]
1669975887,4,10,1000,100,0,0,0.9752631578947368,0.5563157894736842,0.9752631578947368,0.5563157894736842,0.9752408746819505,0.43338256493707483,0.9752408746819505,0.43338256493707483,[]
1669975890,4,10,1000,250,0,0,0.9752631578947368,0.5563157894736842,0.9752631578947368,0.5563157894736842,0.9752408746819505,0.43338256493707483,0.9752408746819505,0.43338256493707483,[]
1669975892,4,20,100,50,0,0,0.9752631578947368,0.5563157894736842,0.9752631578947368,0.5563157894736842,0.9752408746819505,0.43338256493707483,0.9752408746819505,0.43338256493707483,[]
1669975894,4,20,100,100,0,0,0.9752631578947368,0.5563157894736842,0.9752631578947368,0.5563157894736842,0.9752408746819505,0.43338256493707483,0.9752408746819505,0.43338256493707483,[]
1669975896,4,20,100,250,0,0,0.9752631578947368,0.5563157894736842,0.9752631578947368,0.5563157894736842,0.9752408746819505,0.43338256493707483,0.9752408746819505,0.43338256493707483,[]
1669975898,4,20,250,50,0,0,0.9752631578947368,0.5563157894736842,0.9752631578947368,0.5563157894736842,0.9752408746819505,0.43338256493707483,0.9752408746819505,0.43338256493707483,[]
1669975901,4,20,250,100,0,0,0.9752631578947368,0.5563157894736842,0.9752631578947368,0.5563157894736842,0.9752408746819505,0.43338256493707483,0.9752408746819505,0.43338256493707483,[]
1669975903,4,20,250,250,0,0,0.9752631578947368,0.5563157894736842,0.9752631578947368,0.5563157894736842,0.9752408746819505,0.43338256493707483,0.9752408746819505,0.43338256493707483,[]
1669975905,4,20,500,50,0,0,0.9752631578947368,0.5563157894736842,0.9752631578947368,0.5563157894736842,0.9752408746819505,0.43338256493707483,0.9752408746819505,0.43338256493707483,[]
1669975908,4,20,500,100,0,0,0.9752631578947368,0.5563157894736842,0.9752631578947368,0.5563157894736842,0.9752408746819505,0.43338256493707483,0.9752408746819505,0.43338256493707483,[]
1669975910,4,20,500,250,0,0,0.9752631578947368,0.5563157894736842,0.9752631578947368,0.5563157894736842,0.9752408746819505,0.43338256493707483,0.9752408746819505,0.43338256493707483,[]
1669975913,4,20,1000,50,0,0,0.9752631578947368,0.5563157894736842,0.9752631578947368,0.5563157894736842,0.9752408746819505,0.43338256493707483,0.9752408746819505,0.43338256493707483,[]
1669975915,4,20,1000,100,0,0,0.9752631578947368,0.5563157894736842,0.9752631578947368,0.5563157894736842,0.9752408746819505,0.43338256493707483,0.9752408746819505,0.43338256493707483,[]
1669975918,4,20,1000,250,0,0,0.9752631578947368,0.5563157894736842,0.9752631578947368,0.5563157894736842,0.9752408746819505,0.43338256493707483,0.9752408746819505,0.43338256493707483,[]
1669975920,4,40,100,50,0,0,0.9752631578947368,0.5563157894736842,0.9752631578947368,0.5563157894736842,0.9752408746819505,0.43338256493707483,0.9752408746819505,0.43338256493707483,[]
1669975923,4,40,100,100,0,0,0.9752631578947368,0.5563157894736842,0.9752631578947368,0.5563157894736842,0.9752408746819505,0.43338256493707483,0.9752408746819505,0.43338256493707483,[]
1669975925,4,40,100,250,0,0,0.9752631578947368,0.5563157894736842,0.9752631578947368,0.5563157894736842,0.9752408746819505,0.43338256493707483,0.9752408746819505,0.43338256493707483,[]
1669975927,4,40,250,50,0,0,0.9752631578947368,0.5563157894736842,0.9752631578947368,0.5563157894736842,0.9752408746819505,0.43338256493707483,0.9752408746819505,0.43338256493707483,[]
1669975929,4,40,250,100,0,0,0.9752631578947368,0.5563157894736842,0.9752631578947368,0.5563157894736842,0.9752408746819505,0.43338256493707483,0.9752408746819505,0.43338256493707483,[]
1669975931,4,40,250,250,0,0,0.9752631578947368,0.5563157894736842,0.9752631578947368,0.5563157894736842,0.9752408746819505,0.43338256493707483,0.9752408746819505,0.43338256493707483,[]
1669975934,4,40,500,50,0,0,0.9752631578947368,0.5563157894736842,0.9752631578947368,0.5563157894736842,0.9752408746819505,0.43338256493707483,0.9752408746819505,0.43338256493707483,[]
1669975936,4,40,500,100,0,0,0.9752631578947368,0.5563157894736842,0.9752631578947368,0.5563157894736842,0.9752408746819505,0.43338256493707483,0.9752408746819505,0.43338256493707483,[]
1669975939,4,40,500,250,0,0,0.9752631578947368,0.5563157894736842,0.9752631578947368,0.5563157894736842,0.9752408746819505,0.43338256493707483,0.9752408746819505,0.43338256493707483,[]
1669975941,4,40,1000,50,0,0,0.9752631578947368,0.5563157894736842,0.9752631578947368,0.5563157894736842,0.9752408746819505,0.43338256493707483,0.9752408746819505,0.43338256493707483,[]
1669975944,4,40,1000,100,0,0,0.9752631578947368,0.5563157894736842,0.9752631578947368,0.5563157894736842,0.9752408746819505,0.43338256493707483,0.9752408746819505,0.43338256493707483,[]
1669975946,4,40,1000,250,0,0,0.9752631578947368,0.5563157894736842,0.9752631578947368,0.5563157894736842,0.9752408746819505,0.43338256493707483,0.9752408746819505,0.43338256493707483,[]
1669975949,1,10,100,50,-0.01852631578947368,0.021263157894736852,0.9752631578947368,0.5563157894736842,0.8826315789473684,0.6626315789473685,0.9752408746819505,0.43338256493707483,0.8823849783659978,0.631407506406258,"[454, 547, 712, 920, 1129]"
1669975951,1,10,100,100,-0.015999999999999993,0.023894736842105257,0.9752631578947368,0.5563157894736842,0.8952631578947369,0.6757894736842105,0.9752408746819505,0.43338256493707483,0.8950629053615057,0.6501887139832458,"[454, 571, 712, 920, 1151]"
1669975953,1,10,100,250,-0.018026315789473668,0.05092105263157895,0.9752631578947368,0.5563157894736842,0.9031578947368422,0.76,0.9752408746819505,0.43338256493707483,0.9030546654110361,0.7549027928181766,"[102, 461, 712, 1658]"
1669975956,1,10,250,50,-0.01728070175438597,0.013947368421052634,0.9752631578947368,0.5563157894736842,0.871578947368421,0.64,0.9752408746819505,0.43338256493707483,0.8712502610542593,0.6060189726905303,"[443, 586, 691, 1065, 1301, 1840]"
1669975958,1,10,250,100,-0.0168421052631579,0.020947368421052624,0.9752631578947368,0.5563157894736842,0.8910526315789473,0.6610526315789473,0.9752408746819505,0.43338256493707483,0.8908542644956665,0.6340628947670636,"[443, 586, 691, 1092, 1840]"
1669975960,1,10,250,250,-0.022280701754385974,0.00842105263157896,0.9752631578947368,0.5563157894736842,0.9084210526315789,0.5815789473684211,0.9752408746819505,0.43338256493707483,0.9081241996300513,0.5011280352172892,"[586, 1548, 1840]"
1669975963,1,10,500,50,-0.021315789473684205,0.02828947368421053,0.9752631578947368,0.5563157894736842,0.89,0.6694736842105263,0.9752408746819505,0.43338256493707483,0.8895218222917753,0.6444559926388207,"[852, 1217, 1440, 1539]"
1669975965,1,10,500,100,-0.02140350877192983,0.042982456140350865,0.9752631578947368,0.5563157894736842,0.9110526315789473,0.6852631578947368,0.9752408746819505,0.43338256493707483,0.9108005752543407,0.6636148641847235,"[852, 987, 1539]"
1669975968,1,10,500,250,-0.026578947368421035,0.06842105263157894,0.9752631578947368,0.5563157894736842,0.9221052631578948,0.6931578947368421,0.9752408746819505,0.43338256493707483,0.9218801221025914,0.6712001683626112,"[852, 1539]"
1669975970,1,10,1000,50,0,0,0.9752631578947368,0.5563157894736842,0.9752631578947368,0.5563157894736842,0.9752408746819505,0.43338256493707483,0.9752408746819505,0.43338256493707483,[]
1669975973,1,10,1000,100,-0.02631578947368418,0.0031578947368421373,0.9752631578947368,0.5563157894736842,0.9489473684210527,0.5594736842105263,0.9752408746819505,0.43338256493707483,0.9488875484465891,0.4571196927672285,[1392]
1669975975,1,10,1000,250,-0.023684210526315752,0.00736842105263158,0.9752631578947368,0.5563157894736842,0.9515789473684211,0.5636842105263158,0.9752408746819505,0.43338256493707483,0.9515093142063284,0.45158957550157214,[1352]
1669975978,1,20,100,50,-0.01852631578947368,0.021263157894736852,0.9752631578947368,0.5563157894736842,0.8826315789473684,0.6626315789473685,0.9752408746819505,0.43338256493707483,0.8823849783659978,0.631407506406258,"[454, 547, 712, 920, 1129]"
1669975980,1,20,100,100,-0.015999999999999993,0.023894736842105257,0.9752631578947368,0.5563157894736842,0.8952631578947369,0.6757894736842105,0.9752408746819505,0.43338256493707483,0.8950629053615057,0.6501887139832458,"[454, 571, 712, 920, 1151]"
1669975982,1,20,100,250,-0.015578947368421048,0.03810526315789473,0.9752631578947368,0.5563157894736842,0.8973684210526316,0.7468421052631579,0.9752408746819505,0.43338256493707483,0.8972554589796926,0.7410982883137847,"[102, 121, 454, 712, 1658]"
1669975985,1,20,250,50,-0.01728070175438597,0.013947368421052634,0.9752631578947368,0.5563157894736842,0.871578947368421,0.64,0.9752408746819505,0.43338256493707483,0.8712502610542593,0.6060189726905303,"[443, 586, 691, 1065, 1301, 1840]"
1669975987,1,20,250,100,-0.0168421052631579,0.020947368421052624,0.9752631578947368,0.5563157894736842,0.8910526315789473,0.6610526315789473,0.9752408746819505,0.43338256493707483,0.8908542644956665,0.6340628947670636,"[443, 586, 691, 1092, 1840]"
1669975989,1,20,250,250,-0.022280701754385974,0.00842105263157896,0.9752631578947368,0.5563157894736842,0.9084210526315789,0.5815789473684211,0.9752408746819505,0.43338256493707483,0.9081241996300513,0.5011280352172892,"[586, 1548, 1840]"
1669975992,1,20,500,50,-0.021315789473684205,0.02828947368421053,0.9752631578947368,0.5563157894736842,0.89,0.6694736842105263,0.9752408746819505,0.43338256493707483,0.8895218222917753,0.6444559926388207,"[852, 1217, 1440, 1539]"
1669975994,1,20,500,100,-0.02140350877192983,0.042982456140350865,0.9752631578947368,0.5563157894736842,0.9110526315789473,0.6852631578947368,0.9752408746819505,0.43338256493707483,0.9108005752543407,0.6636148641847235,"[852, 987, 1539]"
1669975997,1,20,500,250,-0.026578947368421035,0.06842105263157894,0.9752631578947368,0.5563157894736842,0.9221052631578948,0.6931578947368421,0.9752408746819505,0.43338256493707483,0.9218801221025914,0.6712001683626112,"[852, 1539]"
1669975999,1,20,1000,50,0,0,0.9752631578947368,0.5563157894736842,0.9752631578947368,0.5563157894736842,0.9752408746819505,0.43338256493707483,0.9752408746819505,0.43338256493707483,[]
1669976002,1,20,1000,100,-0.02631578947368418,0.0031578947368421373,0.9752631578947368,0.5563157894736842,0.9489473684210527,0.5594736842105263,0.9752408746819505,0.43338256493707483,0.9488875484465891,0.4571196927672285,[1392]
1669976004,1,20,1000,250,-0.023684210526315752,0.00736842105263158,0.9752631578947368,0.5563157894736842,0.9515789473684211,0.5636842105263158,0.9752408746819505,0.43338256493707483,0.9515093142063284,0.45158957550157214,[1352]
1669976007,1,40,100,50,-0.01852631578947368,0.021263157894736852,0.9752631578947368,0.5563157894736842,0.8826315789473684,0.6626315789473685,0.9752408746819505,0.43338256493707483,0.8823849783659978,0.631407506406258,"[454, 547, 712, 920, 1129]"
1669976009,1,40,100,100,-0.015999999999999993,0.023894736842105257,0.9752631578947368,0.5563157894736842,0.8952631578947369,0.6757894736842105,0.9752408746819505,0.43338256493707483,0.8950629053615057,0.6501887139832458,"[454, 571, 712, 920, 1151]"
1669976011,1,40,100,250,-0.019210526315789483,0.04723684210526316,0.9752631578947368,0.5563157894736842,0.8984210526315789,0.7452631578947368,0.9752408746819505,0.43338256493707483,0.8982451379240399,0.7376337508673265,"[137, 454, 712, 1658]"
1669976014,1,40,250,50,-0.01728070175438597,0.013947368421052634,0.9752631578947368,0.5563157894736842,0.871578947368421,0.64,0.9752408746819505,0.43338256493707483,0.8712502610542593,0.6060189726905303,"[443, 586, 691, 1065, 1301, 1840]"
1669976016,1,40,250,100,-0.0168421052631579,0.020947368421052624,0.9752631578947368,0.5563157894736842,0.8910526315789473,0.6610526315789473,0.9752408746819505,0.43338256493707483,0.8908542644956665,0.6340628947670636,"[443, 586, 691, 1092, 1840]"
1669976018,1,40,250,250,-0.022280701754385974,0.00842105263157896,0.9752631578947368,0.5563157894736842,0.9084210526315789,0.5815789473684211,0.9752408746819505,0.43338256493707483,0.9081241996300513,0.5011280352172892,"[586, 1548, 1840]"
1669976021,1,40,500,50,-0.021315789473684205,0.02828947368421053,0.9752631578947368,0.5563157894736842,0.89,0.6694736842105263,0.9752408746819505,0.43338256493707483,0.8895218222917753,0.6444559926388207,"[852, 1217, 1440, 1539]"
1669976023,1,40,500,100,-0.02140350877192983,0.042982456140350865,0.9752631578947368,0.5563157894736842,0.9110526315789473,0.6852631578947368,0.9752408746819505,0.43338256493707483,0.9108005752543407,0.6636148641847235,"[852, 987, 1539]"
1669976026,1,40,500,250,-0.026578947368421035,0.06842105263157894,0.9752631578947368,0.5563157894736842,0.9221052631578948,0.6931578947368421,0.9752408746819505,0.43338256493707483,0.9218801221025914,0.6712001683626112,"[852, 1539]"
1669976028,1,40,1000,50,0,0,0.9752631578947368,0.5563157894736842,0.9752631578947368,0.5563157894736842,0.9752408746819505,0.43338256493707483,0.9752408746819505,0.43338256493707483,[]
1669976031,1,40,1000,100,-0.02631578947368418,0.0031578947368421373,0.9752631578947368,0.5563157894736842,0.9489473684210527,0.5594736842105263,0.9752408746819505,0.43338256493707483,0.9488875484465891,0.4571196927672285,[1392]
1669976034,1,40,1000,250,-0.023684210526315752,0.00736842105263158,0.9752631578947368,0.5563157894736842,0.9515789473684211,0.5636842105263158,0.9752408746819505,0.43338256493707483,0.9515093142063284,0.45158957550157214,[1352]
1669976036,4,10,100,50,0,0,0.9752631578947368,0.5563157894736842,0.9752631578947368,0.5563157894736842,0.9752408746819505,0.43338256493707483,0.9752408746819505,0.43338256493707483,[]
1669976038,4,10,100,100,0,0,0.9752631578947368,0.5563157894736842,0.9752631578947368,0.5563157894736842,0.9752408746819505,0.43338256493707483,0.9752408746819505,0.43338256493707483,[]
1669976041,4,10,100,250,0,0,0.9752631578947368,0.5563157894736842,0.9752631578947368,0.5563157894736842,0.9752408746819505,0.43338256493707483,0.9752408746819505,0.43338256493707483,[]
1669976043,4,10,250,50,0,0,0.9752631578947368,0.5563157894736842,0.9752631578947368,0.5563157894736842,0.9752408746819505,0.43338256493707483,0.9752408746819505,0.43338256493707483,[]
1669976045,4,10,250,100,0,0,0.9752631578947368,0.5563157894736842,0.9752631578947368,0.5563157894736842,0.9752408746819505,0.43338256493707483,0.9752408746819505,0.43338256493707483,[]
1669976047,4,10,250,250,0,0,0.9752631578947368,0.5563157894736842,0.9752631578947368,0.5563157894736842,0.9752408746819505,0.43338256493707483,0.9752408746819505,0.43338256493707483,[]
1669976050,4,10,500,50,0,0,0.9752631578947368,0.5563157894736842,0.9752631578947368,0.5563157894736842,0.9752408746819505,0.43338256493707483,0.9752408746819505,0.43338256493707483,[]
1669976052,4,10,500,100,0,0,0.9752631578947368,0.5563157894736842,0.9752631578947368,0.5563157894736842,0.9752408746819505,0.43338256493707483,0.9752408746819505,0.43338256493707483,[]
1669976054,4,10,500,250,0,0,0.9752631578947368,0.5563157894736842,0.9752631578947368,0.5563157894736842,0.9752408746819505,0.43338256493707483,0.9752408746819505,0.43338256493707483,[]
1669976057,4,10,1000,50,0,0,0.9752631578947368,0.5563157894736842,0.9752631578947368,0.5563157894736842,0.9752408746819505,0.43338256493707483,0.9752408746819505,0.43338256493707483,[]
1669976059,4,10,1000,100,0,0,0.9752631578947368,0.5563157894736842,0.9752631578947368,0.5563157894736842,0.9752408746819505,0.43338256493707483,0.9752408746819505,0.43338256493707483,[]
1669976062,4,10,1000,250,0,0,0.9752631578947368,0.5563157894736842,0.9752631578947368,0.5563157894736842,0.9752408746819505,0.43338256493707483,0.9752408746819505,0.43338256493707483,[]
1669976065,4,20,100,50,0,0,0.9752631578947368,0.5563157894736842,0.9752631578947368,0.5563157894736842,0.9752408746819505,0.43338256493707483,0.9752408746819505,0.43338256493707483,[]
1669976067,4,20,100,100,0,0,0.9752631578947368,0.5563157894736842,0.9752631578947368,0.5563157894736842,0.9752408746819505,0.43338256493707483,0.9752408746819505,0.43338256493707483,[]
1669976069,4,20,100,250,0,0,0.9752631578947368,0.5563157894736842,0.9752631578947368,0.5563157894736842,0.9752408746819505,0.43338256493707483,0.9752408746819505,0.43338256493707483,[]
1669976071,4,20,250,50,0,0,0.9752631578947368,0.5563157894736842,0.9752631578947368,0.5563157894736842,0.9752408746819505,0.43338256493707483,0.9752408746819505,0.43338256493707483,[]
1669976073,4,20,250,100,0,0,0.9752631578947368,0.5563157894736842,0.9752631578947368,0.5563157894736842,0.9752408746819505,0.43338256493707483,0.9752408746819505,0.43338256493707483,[]
1669976076,4,20,250,250,0,0,0.9752631578947368,0.5563157894736842,0.9752631578947368,0.5563157894736842,0.9752408746819505,0.43338256493707483,0.9752408746819505,0.43338256493707483,[]
1669976078,4,20,500,50,0,0,0.9752631578947368,0.5563157894736842,0.9752631578947368,0.5563157894736842,0.9752408746819505,0.43338256493707483,0.9752408746819505,0.43338256493707483,[]
1669976080,4,20,500,100,0,0,0.9752631578947368,0.5563157894736842,0.9752631578947368,0.5563157894736842,0.9752408746819505,0.43338256493707483,0.9752408746819505,0.43338256493707483,[]
1669976083,4,20,500,250,0,0,0.9752631578947368,0.5563157894736842,0.9752631578947368,0.5563157894736842,0.9752408746819505,0.43338256493707483,0.9752408746819505,0.43338256493707483,[]
1669976085,4,20,1000,50,0,0,0.9752631578947368,0.5563157894736842,0.9752631578947368,0.5563157894736842,0.9752408746819505,0.43338256493707483,0.9752408746819505,0.43338256493707483,[]
1669976088,4,20,1000,100,0,0,0.9752631578947368,0.5563157894736842,0.9752631578947368,0.5563157894736842,0.9752408746819505,0.43338256493707483,0.9752408746819505,0.43338256493707483,[]
1669976090,4,20,1000,250,0,0,0.9752631578947368,0.5563157894736842,0.9752631578947368,0.5563157894736842,0.9752408746819505,0.43338256493707483,0.9752408746819505,0.43338256493707483,[]
1669976093,4,40,100,50,0,0,0.9752631578947368,0.5563157894736842,0.9752631578947368,0.5563157894736842,0.9752408746819505,0.43338256493707483,0.9752408746819505,0.43338256493707483,[]
1669976095,4,40,100,100,0,0,0.9752631578947368,0.5563157894736842,0.9752631578947368,0.5563157894736842,0.9752408746819505,0.43338256493707483,0.9752408746819505,0.43338256493707483,[]
1669976097,4,40,100,250,0,0,0.9752631578947368,0.5563157894736842,0.9752631578947368,0.5563157894736842,0.9752408746819505,0.43338256493707483,0.9752408746819505,0.43338256493707483,[]
1669976099,4,40,250,50,0,0,0.9752631578947368,0.5563157894736842,0.9752631578947368,0.5563157894736842,0.9752408746819505,0.43338256493707483,0.9752408746819505,0.43338256493707483,[]
1669976102,4,40,250,100,0,0,0.9752631578947368,0.5563157894736842,0.9752631578947368,0.5563157894736842,0.9752408746819505,0.43338256493707483,0.9752408746819505,0.43338256493707483,[]
1669976104,4,40,250,250,0,0,0.9752631578947368,0.5563157894736842,0.9752631578947368,0.5563157894736842,0.9752408746819505,0.43338256493707483,0.9752408746819505,0.43338256493707483,[]
1669976106,4,40,500,50,0,0,0.9752631578947368,0.5563157894736842,0.9752631578947368,0.5563157894736842,0.9752408746819505,0.43338256493707483,0.9752408746819505,0.43338256493707483,[]
1669976109,4,40,500,100,0,0,0.9752631578947368,0.5563157894736842,0.9752631578947368,0.5563157894736842,0.9752408746819505,0.43338256493707483,0.9752408746819505,0.43338256493707483,[]
1669976111,4,40,500,250,0,0,0.9752631578947368,0.5563157894736842,0.9752631578947368,0.5563157894736842,0.9752408746819505,0.43338256493707483,0.9752408746819505,0.43338256493707483,[]
1669976114,4,40,1000,50,0,0,0.9752631578947368,0.5563157894736842,0.9752631578947368,0.5563157894736842,0.9752408746819505,0.43338256493707483,0.9752408746819505,0.43338256493707483,[]
1669976116,4,40,1000,100,0,0,0.9752631578947368,0.5563157894736842,0.9752631578947368,0.5563157894736842,0.9752408746819505,0.43338256493707483,0.9752408746819505,0.43338256493707483,[]
1669976119,4,40,1000,250,0,0,0.9752631578947368,0.5563157894736842,0.9752631578947368,0.5563157894736842,0.9752408746819505,0.43338256493707483,0.9752408746819505,0.43338256493707483,[]
1669976121,1,10,100,50,-0.01852631578947368,0.021263157894736852,0.9752631578947368,0.5563157894736842,0.8826315789473684,0.6626315789473685,0.9752408746819505,0.43338256493707483,0.8823849783659978,0.631407506406258,"[454, 547, 712, 920, 1129]"
1669976124,1,10,100,100,-0.015999999999999993,0.023894736842105257,0.9752631578947368,0.5563157894736842,0.8952631578947369,0.6757894736842105,0.9752408746819505,0.43338256493707483,0.8950629053615057,0.6501887139832458,"[454, 571, 712, 920, 1151]"
1669976126,1,10,100,250,-0.015368421052631587,0.0411578947368421,0.9752631578947368,0.5563157894736842,0.8984210526315789,0.7621052631578947,0.9752408746819505,0.43338256493707483,0.8982625281775619,0.7570527683197714,"[102, 134, 296, 712, 1658]"
1669976128,1,10,250,50,-0.01728070175438597,0.013947368421052634,0.9752631578947368,0.5563157894736842,0.871578947368421,0.64,0.9752408746819505,0.43338256493707483,0.8712502610542593,0.6060189726905303,"[443, 586, 691, 1065, 1301, 1840]"
1669976130,1,10,250,100,-0.0168421052631579,0.020947368421052624,0.9752631578947368,0.5563157894736842,0.8910526315789473,0.6610526315789473,0.9752408746819505,0.43338256493707483,0.8908542644956665,0.6340628947670636,"[443, 586, 691, 1092, 1840]"
1669976133,1,10,250,250,-0.022280701754385974,0.00842105263157896,0.9752631578947368,0.5563157894736842,0.9084210526315789,0.5815789473684211,0.9752408746819505,0.43338256493707483,0.9081241996300513,0.5011280352172892,"[586, 1548, 1840]"
1669976135,1,10,500,50,-0.021315789473684205,0.02828947368421053,0.9752631578947368,0.5563157894736842,0.89,0.6694736842105263,0.9752408746819505,0.43338256493707483,0.8895218222917753,0.6444559926388207,"[852, 1217, 1440, 1539]"
1669976138,1,10,500,100,-0.02140350877192983,0.042982456140350865,0.9752631578947368,0.5563157894736842,0.9110526315789473,0.6852631578947368,0.9752408746819505,0.43338256493707483,0.9108005752543407,0.6636148641847235,"[852, 987, 1539]"
1669976140,1,10,500,250,-0.026578947368421035,0.06842105263157894,0.9752631578947368,0.5563157894736842,0.9221052631578948,0.6931578947368421,0.9752408746819505,0.43338256493707483,0.9218801221025914,0.6712001683626112,"[852, 1539]"
1669976143,1,10,1000,50,0,0,0.9752631578947368,0.5563157894736842,0.9752631578947368,0.5563157894736842,0.9752408746819505,0.43338256493707483,0.9752408746819505,0.43338256493707483,[]
1669976145,1,10,1000,100,-0.02631578947368418,0.0031578947368421373,0.9752631578947368,0.5563157894736842,0.9489473684210527,0.5594736842105263,0.9752408746819505,0.43338256493707483,0.9488875484465891,0.4571196927672285,[1392]
1669976148,1,10,1000,250,-0.023684210526315752,0.00736842105263158,0.9752631578947368,0.5563157894736842,0.9515789473684211,0.5636842105263158,0.9752408746819505,0.43338256493707483,0.9515093142063284,0.45158957550157214,[1352]
1669976151,1,20,100,50,-0.01852631578947368,0.021263157894736852,0.9752631578947368,0.5563157894736842,0.8826315789473684,0.6626315789473685,0.9752408746819505,0.43338256493707483,0.8823849783659978,0.631407506406258,"[454, 547, 712, 920, 1129]"
1669976153,1,20,100,100,-0.011954887218045116,0.02518796992481203,0.9752631578947368,0.5563157894736842,0.891578947368421,0.7326315789473684,0.9752408746819505,0.43338256493707483,0.891414233890522,0.7229035754970051,"[99, 101, 454, 571, 712, 920, 1151]"
1669976155,1,20,100,250,-0.025000000000000022,0.07078947368421051,0.9752631578947368,0.5563157894736842,0.9252631578947368,0.6978947368421052,0.9752408746819505,0.43338256493707483,0.9251024913276569,0.6789100488848115,"[712, 1658]"
1669976157,1,20,250,50,-0.01728070175438597,0.013947368421052634,0.9752631578947368,0.5563157894736842,0.871578947368421,0.64,0.9752408746819505,0.43338256493707483,0.8712502610542593,0.6060189726905303,"[443, 586, 691, 1065, 1301, 1840]"
1669976160,1,20,250,100,-0.0168421052631579,0.020947368421052624,0.9752631578947368,0.5563157894736842,0.8910526315789473,0.6610526315789473,0.9752408746819505,0.43338256493707483,0.8908542644956665,0.6340628947670636,"[443, 586, 691, 1092, 1840]"
1669976162,1,20,250,250,-0.022280701754385974,0.00842105263157896,0.9752631578947368,0.5563157894736842,0.9084210526315789,0.5815789473684211,0.9752408746819505,0.43338256493707483,0.9081241996300513,0.5011280352172892,"[586, 1548, 1840]"
1669976164,1,20,500,50,-0.021315789473684205,0.02828947368421053,0.9752631578947368,0.5563157894736842,0.89,0.6694736842105263,0.9752408746819505,0.43338256493707483,0.8895218222917753,0.6444559926388207,"[852, 1217, 1440, 1539]"
1669976167,1,20,500,100,-0.02140350877192983,0.042982456140350865,0.9752631578947368,0.5563157894736842,0.9110526315789473,0.6852631578947368,0.9752408746819505,0.43338256493707483,0.9108005752543407,0.6636148641847235,"[852, 987, 1539]"
1669976169,1,20,500,250,-0.026578947368421035,0.06842105263157894,0.9752631578947368,0.5563157894736842,0.9221052631578948,0.6931578947368421,0.9752408746819505,0.43338256493707483,0.9218801221025914,0.6712001683626112,"[852, 1539]"
1669976172,1,20,1000,50,0,0,0.9752631578947368,0.5563157894736842,0.9752631578947368,0.5563157894736842,0.9752408746819505,0.43338256493707483,0.9752408746819505,0.43338256493707483,[]
1669976174,1,20,1000,100,-0.02631578947368418,0.0031578947368421373,0.9752631578947368,0.5563157894736842,0.9489473684210527,0.5594736842105263,0.9752408746819505,0.43338256493707483,0.9488875484465891,0.4571196927672285,[1392]
1669976177,1,20,1000,250,-0.023684210526315752,0.00736842105263158,0.9752631578947368,0.5563157894736842,0.9515789473684211,0.5636842105263158,0.9752408746819505,0.43338256493707483,0.9515093142063284,0.45158957550157214,[1352]
1669976180,1,40,100,50,-0.01852631578947368,0.021263157894736852,0.9752631578947368,0.5563157894736842,0.8826315789473684,0.6626315789473685,0.9752408746819505,0.43338256493707483,0.8823849783659978,0.631407506406258,"[454, 547, 712, 920, 1129]"
1669976182,1,40,100,100,-0.015999999999999993,0.023894736842105257,0.9752631578947368,0.5563157894736842,0.8952631578947369,0.6757894736842105,0.9752408746819505,0.43338256493707483,0.8950629053615057,0.6501887139832458,"[454, 571, 712, 920, 1151]"
1669976184,1,40,100,250,-0.025000000000000022,0.07078947368421051,0.9752631578947368,0.5563157894736842,0.9252631578947368,0.6978947368421052,0.9752408746819505,0.43338256493707483,0.9251024913276569,0.6789100488848115,"[712, 1658]"
1669976186,1,40,250,50,-0.01728070175438597,0.013947368421052634,0.9752631578947368,0.5563157894736842,0.871578947368421,0.64,0.9752408746819505,0.43338256493707483,0.8712502610542593,0.6060189726905303,"[443, 586, 691, 1065, 1301, 1840]"
1669976189,1,40,250,100,-0.0168421052631579,0.020947368421052624,0.9752631578947368,0.5563157894736842,0.8910526315789473,0.6610526315789473,0.9752408746819505,0.43338256493707483,0.8908542644956665,0.6340628947670636,"[443, 586, 691, 1092, 1840]"
1669976191,1,40,250,250,-0.022280701754385974,0.00842105263157896,0.9752631578947368,0.5563157894736842,0.9084210526315789,0.5815789473684211,0.9752408746819505,0.43338256493707483,0.9081241996300513,0.5011280352172892,"[586, 1548, 1840]"
1669976193,1,40,500,50,-0.021315789473684205,0.02828947368421053,0.9752631578947368,0.5563157894736842,0.89,0.6694736842105263,0.9752408746819505,0.43338256493707483,0.8895218222917753,0.6444559926388207,"[852, 1217, 1440, 1539]"
1669976196,1,40,500,100,-0.02140350877192983,0.042982456140350865,0.9752631578947368,0.5563157894736842,0.9110526315789473,0.6852631578947368,0.9752408746819505,0.43338256493707483,0.9108005752543407,0.6636148641847235,"[852, 987, 1539]"
1669976198,1,40,500,250,-0.026578947368421035,0.06842105263157894,0.9752631578947368,0.5563157894736842,0.9221052631578948,0.6931578947368421,0.9752408746819505,0.43338256493707483,0.9218801221025914,0.6712001683626112,"[852, 1539]"
1669976201,1,40,1000,50,0,0,0.9752631578947368,0.5563157894736842,0.9752631578947368,0.5563157894736842,0.9752408746819505,0.43338256493707483,0.9752408746819505,0.43338256493707483,[]
1669976204,1,40,1000,100,-0.02631578947368418,0.0031578947368421373,0.9752631578947368,0.5563157894736842,0.9489473684210527,0.5594736842105263,0.9752408746819505,0.43338256493707483,0.9488875484465891,0.4571196927672285,[1392]
1669976206,1,40,1000,250,-0.023684210526315752,0.00736842105263158,0.9752631578947368,0.5563157894736842,0.9515789473684211,0.5636842105263158,0.9752408746819505,0.43338256493707483,0.9515093142063284,0.45158957550157214,[1352]
1669976209,4,10,100,50,0,0,0.9752631578947368,0.5563157894736842,0.9752631578947368,0.5563157894736842,0.9752408746819505,0.43338256493707483,0.9752408746819505,0.43338256493707483,[]
1669976211,4,10,100,100,0,0,0.9752631578947368,0.5563157894736842,0.9752631578947368,0.5563157894736842,0.9752408746819505,0.43338256493707483,0.9752408746819505,0.43338256493707483,[]
1669976213,4,10,100,250,0,0,0.9752631578947368,0.5563157894736842,0.9752631578947368,0.5563157894736842,0.9752408746819505,0.43338256493707483,0.9752408746819505,0.43338256493707483,[]
1669976215,4,10,250,50,0,0,0.9752631578947368,0.5563157894736842,0.9752631578947368,0.5563157894736842,0.9752408746819505,0.43338256493707483,0.9752408746819505,0.43338256493707483,[]
1669976217,4,10,250,100,0,0,0.9752631578947368,0.5563157894736842,0.9752631578947368,0.5563157894736842,0.9752408746819505,0.43338256493707483,0.9752408746819505,0.43338256493707483,[]
1669976220,4,10,250,250,0,0,0.9752631578947368,0.5563157894736842,0.9752631578947368,0.5563157894736842,0.9752408746819505,0.43338256493707483,0.9752408746819505,0.43338256493707483,[]
1669976222,4,10,500,50,0,0,0.9752631578947368,0.5563157894736842,0.9752631578947368,0.5563157894736842,0.9752408746819505,0.43338256493707483,0.9752408746819505,0.43338256493707483,[]
1669976224,4,10,500,100,0,0,0.9752631578947368,0.5563157894736842,0.9752631578947368,0.5563157894736842,0.9752408746819505,0.43338256493707483,0.9752408746819505,0.43338256493707483,[]
1669976227,4,10,500,250,0,0,0.9752631578947368,0.5563157894736842,0.9752631578947368,0.5563157894736842,0.9752408746819505,0.43338256493707483,0.9752408746819505,0.43338256493707483,[]
1669976229,4,10,1000,50,0,0,0.9752631578947368,0.5563157894736842,0.9752631578947368,0.5563157894736842,0.9752408746819505,0.43338256493707483,0.9752408746819505,0.43338256493707483,[]
1669976232,4,10,1000,100,0,0,0.9752631578947368,0.5563157894736842,0.9752631578947368,0.5563157894736842,0.9752408746819505,0.43338256493707483,0.9752408746819505,0.43338256493707483,[]
1669976235,4,10,1000,250,0,0,0.9752631578947368,0.5563157894736842,0.9752631578947368,0.5563157894736842,0.9752408746819505,0.43338256493707483,0.9752408746819505,0.43338256493707483,[]
1669976237,4,20,100,50,0,0,0.9752631578947368,0.5563157894736842,0.9752631578947368,0.5563157894736842,0.9752408746819505,0.43338256493707483,0.9752408746819505,0.43338256493707483,[]
1669976239,4,20,100,100,0,0,0.9752631578947368,0.5563157894736842,0.9752631578947368,0.5563157894736842,0.9752408746819505,0.43338256493707483,0.9752408746819505,0.43338256493707483,[]
1669976241,4,20,100,250,0,0,0.9752631578947368,0.5563157894736842,0.9752631578947368,0.5563157894736842,0.9752408746819505,0.43338256493707483,0.9752408746819505,0.43338256493707483,[]
1669976243,4,20,250,50,0,0,0.9752631578947368,0.5563157894736842,0.9752631578947368,0.5563157894736842,0.9752408746819505,0.43338256493707483,0.9752408746819505,0.43338256493707483,[]
1669976246,4,20,250,100,0,0,0.9752631578947368,0.5563157894736842,0.9752631578947368,0.5563157894736842,0.9752408746819505,0.43338256493707483,0.9752408746819505,0.43338256493707483,[]
1669976248,4,20,250,250,0,0,0.9752631578947368,0.5563157894736842,0.9752631578947368,0.5563157894736842,0.9752408746819505,0.43338256493707483,0.9752408746819505,0.43338256493707483,[]
1669976250,4,20,500,50,0,0,0.9752631578947368,0.5563157894736842,0.9752631578947368,0.5563157894736842,0.9752408746819505,0.43338256493707483,0.9752408746819505,0.43338256493707483,[]
1669976253,4,20,500,100,0,0,0.9752631578947368,0.5563157894736842,0.9752631578947368,0.5563157894736842,0.9752408746819505,0.43338256493707483,0.9752408746819505,0.43338256493707483,[]
1669976255,4,20,500,250,0,0,0.9752631578947368,0.5563157894736842,0.9752631578947368,0.5563157894736842,0.9752408746819505,0.43338256493707483,0.9752408746819505,0.43338256493707483,[]
1669976258,4,20,1000,50,0,0,0.9752631578947368,0.5563157894736842,0.9752631578947368,0.5563157894736842,0.9752408746819505,0.43338256493707483,0.9752408746819505,0.43338256493707483,[]
1669976260,4,20,1000,100,0,0,0.9752631578947368,0.5563157894736842,0.9752631578947368,0.5563157894736842,0.9752408746819505,0.43338256493707483,0.9752408746819505,0.43338256493707483,[]
1669976263,4,20,1000,250,0,0,0.9752631578947368,0.5563157894736842,0.9752631578947368,0.5563157894736842,0.9752408746819505,0.43338256493707483,0.9752408746819505,0.43338256493707483,[]
1669976265,4,40,100,50,0,0,0.9752631578947368,0.5563157894736842,0.9752631578947368,0.5563157894736842,0.9752408746819505,0.43338256493707483,0.9752408746819505,0.43338256493707483,[]
1669976268,4,40,100,100,0,0,0.9752631578947368,0.5563157894736842,0.9752631578947368,0.5563157894736842,0.9752408746819505,0.43338256493707483,0.9752408746819505,0.43338256493707483,[]
1669976270,4,40,100,250,0,0,0.9752631578947368,0.5563157894736842,0.9752631578947368,0.5563157894736842,0.9752408746819505,0.43338256493707483,0.9752408746819505,0.43338256493707483,[]
1669976272,4,40,250,50,0,0,0.9752631578947368,0.5563157894736842,0.9752631578947368,0.5563157894736842,0.9752408746819505,0.43338256493707483,0.9752408746819505,0.43338256493707483,[]
1669976274,4,40,250,100,0,0,0.9752631578947368,0.5563157894736842,0.9752631578947368,0.5563157894736842,0.9752408746819505,0.43338256493707483,0.9752408746819505,0.43338256493707483,[]
1669976276,4,40,250,250,0,0,0.9752631578947368,0.5563157894736842,0.9752631578947368,0.5563157894736842,0.9752408746819505,0.43338256493707483,0.9752408746819505,0.43338256493707483,[]
1669976279,4,40,500,50,0,0,0.9752631578947368,0.5563157894736842,0.9752631578947368,0.5563157894736842,0.9752408746819505,0.43338256493707483,0.9752408746819505,0.43338256493707483,[]
1669976281,4,40,500,100,0,0,0.9752631578947368,0.5563157894736842,0.9752631578947368,0.5563157894736842,0.9752408746819505,0.43338256493707483,0.9752408746819505,0.43338256493707483,[]
1669976284,4,40,500,250,0,0,0.9752631578947368,0.5563157894736842,0.9752631578947368,0.5563157894736842,0.9752408746819505,0.43338256493707483,0.9752408746819505,0.43338256493707483,[]
1669976286,4,40,1000,50,0,0,0.9752631578947368,0.5563157894736842,0.9752631578947368,0.5563157894736842,0.9752408746819505,0.43338256493707483,0.9752408746819505,0.43338256493707483,[]
1669976289,4,40,1000,100,0,0,0.9752631578947368,0.5563157894736842,0.9752631578947368,0.5563157894736842,0.9752408746819505,0.43338256493707483,0.9752408746819505,0.43338256493707483,[]
1669976291,4,40,1000,250,0,0,0.9752631578947368,0.5563157894736842,0.9752631578947368,0.5563157894736842,0.9752408746819505,0.43338256493707483,0.9752408746819505,0.43338256493707483,[]
