seed,confidence,feature_proportion,n_clusters,n_samples,lpd (ht),lpd (nb),acc (ht-no dd),acc (nb-no dd),acc (ht-dd),acc (nb-dd),f1 (ht-no dd),f1 (nb-no dd),f1 (ht-dd),f1 (nb-dd),mtr,mtfa,mtd,mdr,drifts
1669793850,0.05,0.1,2,100,0.0020951705367479177,0.0021738744631221952,0.3324775353016688,0.3364114456085138,0.6697999917180836,0.6864052341711873,0.30254974063959206,0.3063176653290411,0.6694731714278483,0.6861084986251602,13.62778730703259,149.9056603773585,11.0,0.0,"[214, 359, 509, 609, 709, 947, 1455, 1612, 1712, 1887, 1987, 2087, 2391, 2491, 2620, 2720, 2824, 2924, 3042, 3147, 3247, 3347, 3472, 3629, 3729, 3830, 3958, 4173, 4313, 4413, 4548, 4648, 4830, 4930, 5030, 5151, 5326, 5520, 5673, 5773, 5873, 6013, 6113, 6302, 6448, 6548, 6661, 6761, 7026, 7126, 7302, 7466, 7568, 7676, 7984, 8098, 8198, 8338, 8507, 8722, 8822, 9110, 9210, 9440, 9651, 9759, 9859, 10218, 10380, 10497, 10597, 10697, 10797, 10929, 11151, 11251, 11356, 11598, 11698, 11798, 11898, 12063, 12165, 12303, 12409, 12700, 12800, 12900, 13024, 13124, 13592, 13739, 13839, 13939, 14039, 14139, 14607, 14753, 15082, 15182, 15282, 15403, 15503, 15618, 15795, 16038, 16231, 16401, 16501, 16634, 16841, 17185, 17517, 17684, 17960, 18063, 18189, 18289, 18399, 18499, 18762, 18865, 19053, 19153, 19253, 19353, 19526, 19644, 19856, 19956, 20199, 20391, 20520, 20620, 20737, 20909, 21023, 21123, 21223, 21472, 21604, 21704, 21804, 21959, 22071, 22176, 22276, 22388, 22488, 22636, 22769, 22869, 23046, 23146, 23329, 23429, 23534, 23634, 23734, 23867, 24049]"
1669793975,0.05,0.1,2,250,0.005218807632086065,0.0053106288795227215,0.3324775353016688,0.3364114456085138,0.6925752619156073,0.7028448382955816,0.30254974063959206,0.3063176653290411,0.6918824392711175,0.7019865445063074,3.498955223880597,349.8955223880597,100.0,0.0,"[499, 749, 1029, 1368, 1618, 1868, 2226, 2514, 2991, 3241, 3491, 4137, 4390, 4640, 4907, 5157, 5407, 5722, 6139, 6389, 6721, 7010, 7260, 7510, 7789, 8136, 8715, 9625, 9969, 10219, 10495, 10745, 11003, 11673, 11923, 12173, 12423, 12702, 13175, 13628, 13878, 14128, 14407, 14973, 15248, 15567, 16072, 16322, 16645, 17217, 17467, 17717, 18449, 18822, 19581, 19932, 20182, 20494, 20744, 21150, 21490, 22192, 22442, 22692, 22942, 23192, 23442, 23692, 23942]"
1669794099,0.05,0.1,2,500,0.012188696326398893,0.012198691742786521,0.3324775353016688,0.3364114456085138,0.6859497287672367,0.6901735061493229,0.30254974063959206,0.3063176653290411,0.6838159656259751,0.6880690913402027,1.8186917429679124,816.5925925925926,449.0,0.0,"[1778, 3169, 3669, 4512, 5012, 5783, 7065, 7565, 8100, 8751, 10557, 11057, 11816, 12316, 12977, 13477, 13977, 14477, 15268, 15768, 16322, 16983, 17932, 19737, 21691, 22191, 22826, 23326, 23826]"
1669794264,0.05,0.1,2,1000,0.02025172154248258,0.02006172463602195,0.3324775353016688,0.3364114456085138,0.6767568015238726,0.677460764420887,0.30254974063959206,0.3063176653290411,0.6757362326481511,0.6764804837600235,1.5822174226061916,1465.1333333333334,926.0,0.0,"[1999, 3325, 4325, 5384, 7841, 10753, 11753, 12753, 13954, 14954, 16050, 17091, 18172, 19738, 20855, 22976, 23976]"
1669794419,0.05,0.1,3,100,0.0017604668314842651,0.0018607451710271705,0.3324775353016688,0.3364114456085138,0.6581638991262578,0.6806493022485404,0.30254974063959206,0.3063176653290411,0.6584182031687701,0.681024135434063,3.172730907636945,130.08196721311475,41.0,0.0,"[282, 396, 496, 617, 717, 817, 1036, 1146, 1246, 1447, 1547, 1647, 1747, 1855, 1955, 2055, 2200, 2386, 2490, 2592, 2762, 2873, 3014, 3175, 3275, 3375, 3483, 3639, 3761, 3861, 3961, 4154, 4269, 4369, 4551, 4657, 4757, 4857, 4957, 5057, 5294, 5394, 5494, 5614, 5714, 5849, 5949, 6157, 6300, 6400, 6528, 6628, 6728, 6841, 7137, 7239, 7412, 7523, 7623, 7727, 8042, 8207, 8315, 8415, 8521, 8621, 8725, 9117, 9230, 9330, 9440, 9567, 9715, 9844, 10171, 10271, 10371, 10496, 10596, 10696, 10796, 10896, 10996, 11096, 11279, 11553, 11669, 11769, 11869, 11969, 12096, 12252, 12352, 12452, 12552, 12680, 12821, 12921, 13021, 13121, 13234, 13337, 13437, 13569, 13669, 13769, 13869, 13969, 14069, 14189, 14290, 14390, 14493, 14593, 14693, 14793, 14893, 15206, 15306, 15406, 15506, 15606, 15706, 15809, 16062, 16174, 16283, 16429, 16568, 16674, 16774, 16874, 16979, 17185, 17285, 17385, 17554, 17798, 18087, 18187, 18287, 18575, 18709, 18815, 19053, 19153, 19253, 19353, 19453, 19553, 19741, 19841, 19941, 20041, 20174, 20317, 20417, 20517, 20617, 20755, 20917, 21036, 21186, 21392, 21492, 21604, 21704, 21804, 21955, 22071, 22171, 22271, 22380, 22495, 22595, 22748, 22848, 22970, 23136, 23236, 23336, 23612, 23793, 23987, 24087]"
1669794540,0.05,0.1,3,250,0.004850442392369594,0.004917249851615664,0.3324775353016688,0.3364114456085138,0.6962607147293883,0.7052051844796886,0.30254974063959206,0.3063176653290411,0.6958651093259375,0.7049193453135731,2.2496407701887153,321.6986301369863,143.0,0.0,"[504, 754, 1065, 1315, 1582, 1860, 2165, 2467, 2717, 2967, 3217, 3467, 4226, 4476, 4817, 5067, 5317, 5567, 6082, 6367, 6687, 7232, 7523, 7786, 8831, 9134, 9403, 9812, 10062, 10374, 10624, 10900, 11428, 11678, 11928, 12178, 12506, 12756, 13176, 13426, 13921, 14171, 14421, 14695, 14945, 15195, 15445, 15751, 16001, 16251, 16645, 17055, 17334, 17584, 17902, 18152, 18402, 18671, 18921, 19171, 19439, 19887, 20137, 20456, 20776, 21261, 21835, 22220, 22488, 22738, 22988, 23238, 23488, 23738, 23988]"
1669794664,0.05,0.1,3,500,0.00870106220628234,0.008766711543880522,0.3324775353016688,0.3364114456085138,0.6892210857592447,0.6958466189076152,0.30254974063959206,0.3063176653290411,0.6871664737796337,0.6938542028553828,1.514534308878782,589.1538461538462,389.0,0.0,"[999, 1499, 1999, 2499, 2999, 3499, 3999, 4558, 5226, 5752, 6341, 6841, 7434, 7934, 8470, 9302, 9819, 10319, 10819, 11326, 11826, 12326, 12917, 13417, 13917, 14417, 14943, 15453, 16214, 16957, 17928, 18535, 19088, 19705, 20206, 20787, 21976, 22476, 22976, 23476, 23976]"
1669794779,0.05,0.1,3,1000,0.016461294857915837,0.016398194542217064,0.3324775353016688,0.3364114456085138,0.6781647273179013,0.6807735309950722,0.30254974063959206,0.3063176653290411,0.6759563400396131,0.6785431139965462,7.137102014294996,1156.2105263157894,162.0,0.0,"[1999, 3386, 4386, 5392, 7028, 8164, 9190, 10190, 11190, 12190, 13190, 14190, 15190, 16282, 17323, 18378, 19378, 20378, 21474, 22967, 23967]"
1669794896,0.05,0.01,2,100,0.006184557422377011,0.006223787552860785,0.3324775353016688,0.3364114456085138,0.6849973083771584,0.6911673361215785,0.30254974063959206,0.3063176653290411,0.684114982632012,0.6902799081816101,6.448671328671329,419.1636363636364,65.0,0.0,"[583, 697, 1279, 1379, 3578, 3684, 3813, 4021, 5562, 5727, 5931, 6467, 6572, 6672, 7956, 8058, 8693, 10511, 10611, 10748, 10848, 11096, 11289, 11552, 11806, 11906, 13893, 13993, 14093, 14195, 14356, 14899, 15126, 15400, 15500, 15882, 15982, 16287, 16451, 18087, 18285, 18396, 18696, 19003, 19186, 19294, 19562, 21042, 21219, 21489, 22310, 22457, 22792, 23318, 23418, 23518, 23637]"
1669795031,0.05,0.01,2,250,0.00991143945303538,0.009908081919345325,0.3324775353016688,0.3364114456085138,0.6992007950639778,0.7030104766242908,0.30254974063959206,0.3063176653290411,0.697391197510218,0.7013186588889964,4.188392857142857,670.1428571428571,160.0,0.0,"[570, 1027, 2208, 2642, 3219, 3469, 4155, 4522, 5332, 5582, 6488, 6744, 8391, 8765, 10296, 10602, 10853, 11829, 12079, 13461, 13938, 14188, 14438, 15626, 15876, 18131, 18637, 18991, 19735, 19985, 20285, 20535, 22031, 22881, 23238, 23488, 24025]"
1669795167,0.05,0.01,2,500,0.014137231355335627,0.014104103689593772,0.3324775353016688,0.3364114456085138,0.6859083191850595,0.6890140378483581,0.30254974063959206,0.3063176653290411,0.6835363005846892,0.6867636811337934,16.45156369183829,937.7391304347826,57.0,0.0,"[2407, 2907, 3407, 4023, 4597, 7354, 7971, 8954, 10381, 10881, 11926, 12426, 13585, 14085, 14585, 16341, 16841, 17652, 18996, 19984, 21308, 22053, 22975, 23475, 23975]"
1669795318,0.05,0.01,2,1000,0.023999810699052906,0.023813467579254982,0.3324775353016688,0.3364114456085138,0.6684748850884095,0.6697999917180836,0.30254974063959206,0.3063176653290411,0.6654711560221395,0.666789990858872,2.222938144329897,1725.0,776.0,0.0,"[3351, 4351, 7474, 8474, 9474, 10733, 11733, 12733, 14804, 15896, 17506, 22051, 23051, 24051]"
1669795466,0.05,0.01,3,100,0.004462799780476798,0.004512596113474834,0.3324775353016688,0.3364114456085138,0.6850387179593358,0.6929065385730258,0.30254974063959206,0.3063176653290411,0.6834222000086979,0.6914738125547769,1.9019201657238467,310.012987012987,163.0,0.0,"[199, 419, 557, 894, 2810, 3093, 3232, 3747, 3883, 4322, 4452, 4916, 5175, 5986, 6086, 6186, 6382, 6983, 7134, 7376, 7708, 7808, 7908, 8080, 8403, 8682, 9121, 9736, 10327, 10498, 10624, 10725, 10825, 10932, 11301, 11530, 11630, 11781, 11881, 12298, 12450, 13078, 13179, 13433, 13618, 13830, 13930, 14191, 14353, 14584, 14778, 15083, 15505, 15698, 15798, 16545, 16645, 17009, 17333, 17489, 18025, 18125, 19017, 19145, 19389, 19538, 19740, 20822, 20994, 21094, 21462, 21811, 22046, 22847, 23153, 23279, 23379, 23693, 24070]"
1669795604,0.05,0.01,3,250,0.00853422598268309,0.008586228713789485,0.3324775353016688,0.3364114456085138,0.6994492525570417,0.7056192803014617,0.30254974063959206,0.3063176653290411,0.6982478064917214,0.7046517209858058,3.5905253283302065,560.1219512195122,156.0,0.0,"[680, 930, 1257, 1548, 2399, 2649, 3130, 3606, 4156, 4406, 4966, 5328, 5608, 6579, 7131, 7381, 7907, 8157, 8765, 10558, 10808, 11739, 11989, 12344, 12974, 13510, 13934, 14184, 14762, 15164, 17010, 17291, 17799, 18049, 18747, 19444, 21065, 21349, 21662, 22567, 22862, 23395, 23645]"
1669795741,0.05,0.01,3,500,0.01292718420756849,0.012873943316197652,0.3324775353016688,0.3364114456085138,0.6944386931135865,0.6968818584620481,0.30254974063959206,0.3063176653290411,0.693213033407039,0.6956502874391592,1.8249281838493456,879.6153846153846,482.0,0.0,"[999, 2875, 3375, 4667, 5359, 6915, 7520, 8076, 8722, 9222, 10591, 11093, 11949, 12449, 13010, 13510, 14010, 14510, 15010, 16345, 16882, 17491, 18113, 19607, 21184, 22869, 23369, 23869]"
1669795884,0.05,0.01,3,1000,0.02241638715198697,0.022126520076745756,0.3324775353016688,0.3364114456085138,0.6687233425814734,0.6683092467597002,0.30254974063959206,0.3063176653290411,0.6672879895414812,0.6669090953308943,1.7245762711864407,1628.0,944.0,0.0,"[2096, 3840, 4840, 8178, 10942, 11942, 12942, 13972, 14972, 16275, 17275, 18989, 19989, 21785, 23260]"
1669796026,0.01,0.1,2,100,0.0070993543290532824,0.007119262782023144,0.3324775353016688,0.3364114456085138,0.7016439604124395,0.7066131102737173,0.30254974063959206,0.3063176653290411,0.7000544442390905,0.7051460439310105,3.7698412698412698,475.0,126.0,0.0,"[292, 805, 1296, 1687, 1888, 1998, 2098, 3180, 3298, 3553, 4349, 4519, 4904, 5165, 5634, 6038, 6927, 10561, 10898, 11823, 11923, 12482, 12920, 13326, 13486, 13653, 13821, 13921, 14021, 14154, 14292, 14467, 14588, 15078, 17789, 18043, 18642, 18742, 20495, 20595, 21100, 22060, 22301, 22401, 22523, 22830, 23070, 23332, 23512, 23612, 23813, 24042]"
1669796214,0.01,0.1,2,250,0.01269846256216792,0.012682755479273075,0.3324775353016688,0.3364114456085138,0.7007329496045385,0.704211354507433,0.30254974063959206,0.3063176653290411,0.6979963106017572,0.7017138776977729,6.461431356168198,859.3703703703703,133.0,0.0,"[657, 1027, 3330, 3622, 4793, 5051, 5323, 6609, 6961, 7237, 7580, 9379, 9920, 10332, 10583, 10833, 11095, 11795, 12045, 13661, 13911, 14161, 14756, 22296, 22752, 23002, 23360, 23610, 23860]"
1669796405,0.01,0.1,2,500,0.018309573677454227,0.018194062737696446,0.3324775353016688,0.3364114456085138,0.6803594351732991,0.6820986376247463,0.30254974063959206,0.3063176653290411,0.6781526492187867,0.6800998616545106,2.6791325801843917,1213.6470588235295,453.0,0.0,"[3314, 3814, 5328, 5834, 7705, 9528, 10731, 11231, 11914, 12414, 12918, 13456, 13981, 14481, 16382, 16882, 22946, 23446, 23946]"
1669796625,0.01,0.1,2,1000,0.03068450039339103,0.030349459228501838,0.3324775353016688,0.3364114456085138,0.6700070396289701,0.670255497122034,0.30254974063959206,0.3063176653290411,0.6681586862374722,0.668509462260622,49.8743961352657,2294.222222222222,46.0,0.0,"[3425, 4425, 9419, 10840, 11840, 12840, 14074, 15074, 17528, 23073, 24073]"
1669796856,0.01,0.1,3,100,0.004952921781775979,0.005027906700853821,0.3324775353016688,0.3364114456085138,0.6989937471530913,0.7084765414716966,0.30254974063959206,0.3063176653290411,0.6980181718067023,0.7075000941069836,2.5745844269466316,326.97222222222223,127.0,0.0,"[299, 807, 1263, 1563, 1679, 2116, 2377, 2497, 2620, 2857, 3050, 3274, 3402, 4157, 4321, 4496, 4866, 4966, 5194, 5384, 5552, 6144, 6511, 6611, 6732, 7628, 7728, 7939, 8160, 8895, 9628, 9738, 10380, 10501, 10786, 10886, 11086, 11186, 11400, 11526, 11806, 11906, 12213, 13011, 13178, 13821, 13921, 14021, 14155, 14772, 15083, 15457, 15679, 17315, 17572, 17836, 18681, 19264, 19389, 19747, 19922, 20176, 20590, 21042, 21175, 21464, 22779, 22887, 23043, 23199, 23319, 23419, 23740, 23841]"
1669797049,0.01,0.1,3,250,0.010693710888335924,0.010642262619570169,0.3324775353016688,0.3364114456085138,0.6853699946167543,0.6876061120543294,0.30254974063959206,0.3063176653290411,0.684597627676395,0.6868005759119783,11.003740065451145,759.258064516129,69.0,0.0,"[536, 2100, 2379, 2629, 3222, 3472, 4298, 4697, 4947, 5257, 5514, 10611, 10897, 11493, 11822, 12072, 12375, 12643, 13337, 13847, 14097, 14347, 18169, 18419, 20205, 20455, 21499, 22807, 23057, 23307, 23557, 23807, 24073]"
1669797263,0.01,0.1,3,500,0.020777866821912,0.020631715355403826,0.3324775353016688,0.3364114456085138,0.6857012712741728,0.6871506066503789,0.30254974063959206,0.3063176653290411,0.6840917708074356,0.6855191359513002,4.446841593780369,1525.2666666666667,343.0,0.0,"[1040, 2599, 3099, 3599, 10161, 10661, 11161, 11800, 12300, 13871, 14371, 14871, 15975, 17146, 22919, 23419, 23919]"
1669797527,0.01,0.1,3,1000,0.025814096458843652,0.025546526850928692,0.3324775353016688,0.3364114456085138,0.6680607892666363,0.6685162946705868,0.30254974063959206,0.3063176653290411,0.6658621858296713,0.6659412315471501,12.415233415233416,1837.4545454545455,148.0,0.0,"[3409, 4409, 8017, 10176, 11176, 12176, 13176, 14176, 15176, 16448, 20055, 22621, 23621]"
1669797748,0.01,0.01,2,100,0.020626843639853558,0.020407616440091293,0.3324775353016688,0.3364114456085138,0.6831338771791793,0.6833409250900658,0.30254974063959206,0.3063176653290411,0.6801133221440184,0.6803814088502148,74.93333333333334,1348.8,18.0,0.0,"[3380, 3492, 3592, 6562, 6704, 10578, 11826, 11926, 13898, 14046, 17534, 18089, 18285, 18422, 22792, 23329, 23612]"
1669797896,0.01,0.01,2,250,0.024067249161455966,0.02393749913730037,0.3324775353016688,0.3364114456085138,0.6934862727235083,0.6954739326680194,0.30254974063959206,0.3063176653290411,0.6914803004502574,0.6935402871570587,15.451417004048585,1761.4615384615386,114.0,0.0,"[641, 1026, 3718, 6173, 7448, 7703, 10602, 11262, 11913, 12163, 14142, 14413, 22862, 23290, 23540]"
1669798050,0.01,0.01,2,500,0.02621863622319128,0.02597973478755292,0.3324775353016688,0.3364114456085138,0.6733198062031555,0.6741479978467018,0.30254974063959206,0.3063176653290411,0.6712158327615666,0.6719565282605844,3.785491276400367,1873.8181818181818,495.0,0.0,"[3380, 4364, 4864, 10123, 10731, 11278, 11978, 12478, 14523, 16004, 22992, 23492, 23992]"
1669798244,0.01,0.01,2,1000,0.04036399022733861,0.03983084185680567,0.3324775353016688,0.3364114456085138,0.6553894571203777,0.6550581804629592,0.30254974063959206,0.3063176653290411,0.6534973332607156,0.6532565537158749,0.8913906142167012,3444.3333333333335,3864.0,0.0,"[3467, 4467, 10935, 11935, 12935, 17892, 23133, 24133]"
1669798435,0.01,0.01,3,100,0.012730488692226241,0.01269795259194406,0.3324775353016688,0.3364114456085138,0.6889312186840035,0.6919541181829475,0.30254974063959206,0.3063176653290411,0.6872370931630406,0.6902586753290215,7.509615384615385,901.1538461538462,120.0,0.0,"[199, 528, 1265, 1560, 3495, 3639, 4240, 4341, 4615, 5809, 6958, 9198, 10684, 11862, 13909, 14009, 14148, 14596, 16511, 18217, 18317, 20541, 20778, 22929, 23233, 23333, 23433, 23629]"
1669798594,0.01,0.01,3,250,0.020164165988009623,0.020069844161939073,0.3324775353016688,0.3364114456085138,0.695432523085842,0.6976686405234171,0.30254974063959206,0.3063176653290411,0.6914555880754572,0.6937209326945565,8.639792899408285,1460.125,169.0,0.0,"[718, 1027, 3292, 4522, 4974, 5394, 7360, 10595, 10845, 11772, 12022, 13947, 14197, 19918, 21026, 23362, 23612, 24080]"
1669798850,0.01,0.01,3,500,0.02887973277016302,0.02859331649343658,0.3324775353016688,0.3364114456085138,0.679034328543625,0.6795312435297528,0.30254974063959206,0.3063176653290411,0.6740738872625515,0.6745710786606681,125.34444444444443,2256.2,18.0,0.0,"[1325, 1983, 8706, 9206, 10690, 11618, 12118, 12618, 14046, 14546, 23387, 23887]"
1669799430,0.01,0.01,3,1000,0.05452261653346585,0.05394288238298342,0.3324775353016688,0.3364114456085138,0.6596132345024639,0.6600687399064143,0.30254974063959206,0.3063176653290411,0.6568964876093553,0.6573068365334561,6.118610747051114,4668.5,763.0,0.0,"[4772, 11000, 12504, 13504, 14791, 23446]"
1669800066,0.05,0.1,2,100,0.00233527507653026,0.0024166857516951874,0.3324775353016688,0.3364114456085138,0.675762971551617,0.6916642511077064,0.30254974063959206,0.3063176653290411,0.675943716830865,0.6917868381612163,14.964263322884012,164.60689655172413,11.0,0.0,"[214, 359, 509, 609, 709, 947, 1455, 1612, 1712, 1887, 1987, 2087, 2391, 2491, 2620, 2720, 2824, 2924, 3042, 3147, 3247, 3347, 3447, 3565, 3763, 3979, 4092, 4235, 4335, 4480, 4651, 4827, 4927, 5027, 5127, 5236, 5336, 5441, 5541, 5860, 5971, 6074, 6174, 6804, 7485, 7712, 7882, 8088, 8239, 8339, 8565, 8820, 9089, 9249, 9349, 9611, 10329, 10468, 10568, 10797, 10929, 11057, 11157, 11269, 11493, 11593, 11693, 11806, 11906, 12206, 12306, 12413, 13047, 13147, 13249, 13349, 13628, 13739, 13839, 13939, 14039, 14139, 14604, 14704, 14818, 14918, 15109, 15209, 15311, 15412, 15512, 15927, 16038, 16231, 16401, 16501, 16634, 16734, 16902, 17011, 17134, 17234, 17334, 17439, 17651, 17751, 17857, 18309, 18555, 18655, 18755, 18909, 19009, 19109, 19309, 19426, 19526, 19644, 19856, 19991, 20103, 20203, 20358, 20458, 20625, 20727, 21020, 21314, 21472, 21604, 21704, 21804, 21956, 22074, 22174, 22274, 22380, 22480, 22625, 22782, 23075, 23175, 23275, 23375, 23806, 23981, 24082]"
1669800300,0.05,0.1,2,250,0.0050706324992899135,0.005144119926815854,0.3324775353016688,0.3364114456085138,0.6924924427512527,0.7016439604124395,0.30254974063959206,0.3063176653290411,0.6911983503537832,0.7004153550907041,1.6936231884057973,338.72463768115944,200.0,0.0,"[499, 749, 1029, 1368, 1618, 1868, 2226, 2514, 2991, 3241, 3491, 4137, 4390, 4640, 4907, 5157, 5407, 5753, 6182, 6515, 6765, 7284, 7588, 8431, 8720, 9358, 9714, 10131, 10442, 10692, 10953, 11276, 11526, 11776, 12026, 12276, 13016, 13307, 13728, 13978, 14228, 14478, 14728, 14978, 15228, 16197, 16447, 16697, 16981, 17231, 17531, 18152, 18402, 18652, 19172, 19441, 19696, 19946, 20196, 20491, 20741, 21516, 21766, 22016, 22319, 22617, 22867, 23117, 23371, 23621, 23871]"
1669800418,0.05,0.1,2,500,0.011446409989594173,0.011458432126355328,0.3324775353016688,0.3364114456085138,0.6873162449790882,0.691622841525529,0.30254974063959206,0.3063176653290411,0.6850422490282124,0.6893106618005981,1.8219076619208294,763.3793103448276,419.0,0.0,"[1778, 3169, 3669, 4512, 5012, 5782, 7066, 7566, 9202, 10166, 10666, 11166, 11836, 12336, 13947, 14447, 15253, 15753, 16253, 16864, 17559, 18186, 18686, 19204, 19878, 21362, 21862, 22416, 22916, 23416, 23916]"
1669800583,0.05,0.1,2,1000,0.018143935348744963,0.018052398377616158,0.3324775353016688,0.3364114456085138,0.6772123069278231,0.6794070147832209,0.30254974063959206,0.3063176653290411,0.6734772656286686,0.6754767243711788,3.0228206945428773,1254.4705882352941,415.0,0.0,"[1999, 3331, 4331, 5341, 7151, 8151, 9443, 10443, 11443, 12443, 13443, 14443, 15443, 17514, 18851, 20054, 21054, 22325, 23325]"
1669800709,0.05,0.1,3,100,0.0017552319671288064,0.0018425037747283107,0.3324775353016688,0.3364114456085138,0.6589506811876268,0.6791171477079796,0.30254974063959206,0.3063176653290411,0.6591897394490324,0.6795072865662606,1.3470335144927537,129.31521739130434,96.0,0.0,"[281, 391, 491, 602, 702, 885, 985, 1133, 1235, 1408, 1547, 1647, 1747, 1870, 2032, 2132, 2232, 2389, 2489, 2593, 2752, 2853, 2983, 3112, 3286, 3386, 3486, 3586, 3686, 3786, 3975, 4075, 4175, 4294, 4394, 4494, 4644, 4766, 4886, 4994, 5094, 5194, 5313, 5483, 5933, 6050, 6150, 6524, 6624, 6725, 6825, 6969, 7086, 7239, 7384, 7534, 7634, 7734, 7964, 8064, 8164, 8264, 8364, 8596, 8713, 8813, 8913, 9022, 9122, 9243, 9344, 9444, 9567, 9715, 9834, 9934, 10036, 10145, 10245, 10352, 10452, 10552, 10782, 10882, 11013, 11113, 11229, 11351, 11520, 11628, 11729, 11829, 11929, 12029, 12142, 12242, 12350, 12455, 12555, 12815, 12960, 13060, 13160, 13497, 13597, 13820, 13920, 14020, 14124, 14229, 14422, 14558, 14658, 14758, 14955, 15085, 15416, 15516, 15633, 15967, 16067, 16167, 16267, 16454, 16554, 16654, 16754, 16854, 16954, 17054, 17178, 17305, 17421, 17578, 17717, 17862, 18096, 18196, 18296, 18432, 18532, 18695, 18902, 19002, 19102, 19202, 19302, 19402, 19517, 19740, 19840, 19940, 20047, 20147, 20250, 20351, 20495, 20595, 20695, 20795, 20923, 21082, 21191, 21313, 21472, 21573, 21859, 21959, 22071, 22171, 22271, 22375, 22475, 22588, 22690, 22800, 22900, 23017, 23154, 23339, 23439, 23539, 23639, 23807, 23975, 24075]"
1669800829,0.05,0.1,3,250,0.004485175369580522,0.004576794070147832,0.3324775353016688,0.3364114456085138,0.6912915648681105,0.7025549712203404,0.30254974063959206,0.3063176653290411,0.6902199522994709,0.701498672122209,3.1576248313090414,299.97435897435895,95.0,0.0,"[576, 996, 1255, 1505, 1755, 2005, 2255, 2505, 2755, 3005, 3255, 3505, 3971, 4281, 4543, 4793, 5043, 5328, 5578, 6080, 6330, 6580, 6830, 7189, 7439, 7689, 8166, 8734, 8987, 9259, 9571, 9821, 10071, 10359, 10609, 10859, 11109, 11443, 11693, 11943, 12193, 12459, 12709, 13183, 13623, 13873, 14123, 14373, 14749, 15018, 15398, 15927, 16180, 16430, 16769, 17019, 17370, 17627, 17927, 18177, 18427, 18755, 19318, 19568, 19818, 20132, 20485, 20735, 21058, 21337, 21588, 21838, 22224, 22474, 22724, 22974, 23224, 23474, 23724, 23974]"
1669800938,0.05,0.1,3,500,0.008909271605449501,0.008920659240548263,0.3324775353016688,0.3364114456085138,0.6888483995196488,0.6932378152304444,0.30254974063959206,0.3063176653290411,0.6874291198497261,0.6916817093827498,1.3675760502172865,596.2631578947369,436.0,0.0,"[999, 1499, 1999, 2499, 2999, 3499, 3999, 4558, 5226, 5798, 6987, 7487, 7987, 8487, 9012, 9637, 10137, 10637, 11137, 11668, 12168, 12668, 13464, 13964, 14464, 15050, 15550, 16050, 16584, 17084, 17973, 18832, 19529, 20199, 20746, 21641, 22141, 22657, 23157, 23657]"
1669801062,0.05,0.1,3,1000,0.016406082081679416,0.016335094226518306,0.3324775353016688,0.3364114456085138,0.6770052590169365,0.6794484243653982,0.30254974063959206,0.3063176653290411,0.6742287678542546,0.6766715303649761,3.512759170653907,1159.2105263157894,330.0,0.0,"[1999, 3386, 4386, 5392, 7020, 8358, 9358, 10358, 11358, 12358, 13358, 14358, 15358, 16358, 17358, 18378, 19378, 20378, 21473, 23024, 24024]"
1669801179,0.05,0.01,2,100,0.005690083898528873,0.00573013578948726,0.3324775353016688,0.3364114456085138,0.67957265311193,0.6859497287672367,0.30254974063959206,0.3063176653290411,0.678483326418065,0.6848260664914073,6.05632333767927,393.66101694915255,65.0,0.0,"[583, 697, 1279, 1379, 3578, 3684, 3813, 4021, 5562, 5727, 5931, 6467, 6572, 6672, 7956, 8058, 8693, 10511, 10611, 10748, 10848, 11096, 11289, 11552, 11806, 11906, 13893, 13993, 14093, 14195, 14356, 14899, 15126, 15400, 15500, 15882, 15982, 16287, 16451, 18191, 18291, 18429, 19451, 19551, 19784, 19979, 20241, 20341, 20462, 20562, 20776, 21860, 21967, 22287, 22952, 23217, 23317, 23417, 23520, 23643, 23809]"
1669801316,0.05,0.01,2,250,0.009564523757113185,0.009559075127879327,0.3324775353016688,0.3364114456085138,0.6959294380719698,0.6996563004679283,0.30254974063959206,0.3063176653290411,0.69494634748165,0.698856703569405,4.08315527065527,636.9722222222222,156.0,0.0,"[570, 1027, 2208, 2642, 3219, 3469, 4155, 4522, 5327, 5607, 5860, 6294, 7883, 10647, 11166, 11449, 11854, 12104, 13405, 13934, 14184, 14434, 15691, 15994, 16244, 16652, 17077, 17327, 18203, 18453, 18801, 19464, 19821, 20071, 22032, 22912, 23251, 23501]"
1669801447,0.05,0.01,2,500,0.01682412167318375,0.016780740206140846,0.3324775353016688,0.3364114456085138,0.6857840904385275,0.6888069899374716,0.30254974063959206,0.3063176653290411,0.6830894902538337,0.6864660224449999,2.4808245997926983,1133.7368421052631,457.0,0.0,"[2407, 2907, 3407, 4023, 4695, 6492, 6992, 7492, 8383, 8883, 10609, 11109, 11870, 12370, 13485, 13985, 14485, 15998, 22948, 23448, 23948]"
1669801596,0.05,0.01,2,1000,0.028020483939983715,0.027799632835038026,0.3324775353016688,0.3364114456085138,0.6687233425814734,0.6700070396289701,0.30254974063959206,0.3063176653290411,0.6657030741563539,0.6670340121424775,2.3573378839590444,2072.1,879.0,0.0,"[3342, 4342, 7474, 8474, 9474, 10733, 11733, 12733, 14907, 18470, 23063, 24063]"
1669801755,0.05,0.01,3,100,0.004970300127449492,0.005013435108884195,0.3324775353016688,0.3364114456085138,0.6903391444780322,0.6973787734481759,0.30254974063959206,0.3063176653290411,0.6882736905260544,0.6954874862374121,2.375582573454914,334.95714285714286,141.0,0.0,"[199, 419, 557, 894, 2810, 2916, 3112, 3295, 3440, 3592, 4215, 4315, 4452, 4916, 5175, 5986, 6086, 6186, 6382, 6983, 7134, 7376, 7708, 7808, 7908, 8080, 8403, 8682, 9121, 9736, 10327, 10498, 10624, 10725, 10825, 10932, 11301, 11530, 11630, 11781, 11881, 13486, 13601, 13820, 13920, 14021, 14169, 14269, 15955, 16092, 16325, 16481, 16932, 17115, 17434, 18496, 18596, 19394, 19538, 19740, 20822, 20994, 21094, 21462, 21811, 22046, 22847, 23153, 23279, 23379, 23545, 23646]"
1669801893,0.05,0.01,3,250,0.009308661716628922,0.009305476364153742,0.3324775353016688,0.3364114456085138,0.6955153422501967,0.6993250238105098,0.30254974063959206,0.3063176653290411,0.695091080827369,0.6989560760877582,1.4805019305019305,621.8108108108108,420.0,0.0,"[680, 930, 1257, 1548, 2106, 2627, 2959, 3214, 3541, 4313, 4894, 5309, 5905, 8785, 9418, 10240, 10678, 11748, 11998, 12432, 12895, 13453, 13737, 14016, 14448, 15338, 15826, 17779, 19159, 19409, 19666, 19916, 20243, 20493, 21599, 21932, 22897, 23437, 23687]"
1669802035,0.05,0.01,3,500,0.01412729305561307,0.014085883473435755,0.3324775353016688,0.3364114456085138,0.6856598616919956,0.6885585324444077,0.30254974063959206,0.3063176653290411,0.6827853888331669,0.6858264701609994,5.50780687004564,996.9130434782609,181.0,0.0,"[999, 2875, 3375, 4667, 5359, 6902, 7641, 8141, 8731, 9231, 10628, 11128, 11947, 12447, 13004, 13709, 14209, 14709, 16619, 17322, 18087, 19623, 20859, 23428, 23928]"
1669802200,0.05,0.01,3,1000,0.022339089265255983,0.021944317915165566,0.3324775353016688,0.3364114456085138,0.6675638742805086,0.6655762143359973,0.30254974063959206,0.3063176653290411,0.6662811202362259,0.6646122981825501,1.7253446447507954,1627.0,943.0,0.0,"[2096, 3717, 4928, 8171, 10949, 11949, 12949, 13971, 14971, 16275, 17301, 18863, 19984, 21822, 23247]"
1669802437,0.01,0.1,2,100,0.006265698158415927,0.006352087114337567,0.3324775353016688,0.3364114456085138,0.6958880284897926,0.7048324982400928,0.30254974063959206,0.3063176653290411,0.694211595758837,0.7033055923009122,60.132653061224495,420.92857142857144,7.0,0.0,"[292, 805, 1523, 2246, 2897, 3151, 3314, 3640, 3815, 4204, 4323, 4550, 5640, 5983, 6417, 6556, 6704, 7074, 7790, 8064, 10510, 10981, 11081, 11181, 11396, 11815, 11915, 12475, 13835, 13935, 14035, 14135, 15268, 15368, 15998, 16221, 16552, 16656, 16874, 17050, 18328, 19289, 20111, 20274, 20478, 20592, 21098, 22053, 22293, 22397, 22522, 22827, 23068, 23330, 23445, 23564, 23761, 23864]"
1669802738,0.01,0.1,2,250,0.011413516087622675,0.011401869642635306,0.3324775353016688,0.3364114456085138,0.6977100501055944,0.7012712741728436,0.30254974063959206,0.3063176653290411,0.695281056400038,0.6989159571741771,7.183024691358025,775.7666666666667,108.0,0.0,"[657, 1027, 3330, 3622, 4793, 5051, 5323, 6609, 6961, 7237, 7580, 9363, 9919, 10384, 10634, 10950, 11830, 12080, 13886, 14136, 14424, 14856, 15170, 16102, 16796, 19316, 20728, 22840, 23090, 23351, 23601, 23930]"
1669803002,0.01,0.1,2,500,0.019409591379445208,0.019283062100570073,0.3324775353016688,0.3364114456085138,0.6818501801316825,0.6835065634187751,0.30254974063959206,0.3063176653290411,0.6793696741890748,0.6811687386284141,2.834065934065934,1289.5,455.0,0.0,"[3314, 3814, 5332, 6008, 8100, 10418, 10918, 11874, 12374, 12923, 13424, 13983, 14483, 16385, 16885, 22946, 23446, 23946]"
1669803420,0.01,0.1,2,1000,0.030612974751448398,0.030300520631383197,0.3324775353016688,0.3364114456085138,0.6692202575676012,0.669717172553729,0.30254974063959206,0.3063176653290411,0.6675033723889293,0.6680826013234894,48.81087470449173,2294.1111111111113,47.0,0.0,"[3425, 4425, 9388, 10840, 11840, 12840, 14075, 15075, 17531, 23072, 24072]"
1669803639,0.01,0.1,3,100,0.0050375906984876295,0.00510315587026838,0.3324775353016688,0.3364114456085138,0.6951840655927781,0.7038386682678371,0.30254974063959206,0.3063176653290411,0.6950701656890809,0.7036646291551011,37.766666666666666,339.9,9.0,0.0,"[299, 807, 1263, 1563, 1679, 1972, 2106, 2369, 2490, 2771, 3026, 3271, 3423, 3523, 3639, 3887, 4300, 4550, 4892, 5465, 6166, 6723, 8427, 8527, 8627, 9357, 9983, 10304, 10528, 11055, 11332, 11659, 11809, 11909, 12211, 12355, 12585, 12850, 12950, 13050, 13150, 13891, 14037, 14165, 14331, 14778, 14904, 15459, 15798, 16284, 16905, 17210, 17567, 17836, 18571, 19121, 19615, 19739, 20663, 20797, 20960, 21097, 21572, 22003, 22335, 22473, 22765, 23122, 23222, 23323, 23423, 24092]"
1669803955,0.01,0.1,3,250,0.00841096024969015,0.008401330114300077,0.3324775353016688,0.3364114456085138,0.6941488260383453,0.6976686405234171,0.30254974063959206,0.3063176653290411,0.6922954173679846,0.6957015305832538,5.518996247654784,573.9756097560976,104.0,0.0,"[551, 1831, 2637, 3143, 3393, 4661, 5457, 6077, 6567, 6817, 7410, 7678, 8780, 9705, 10665, 11120, 11655, 11905, 12155, 13882, 14132, 14382, 14904, 15441, 16001, 16251, 16708, 17518, 18116, 18868, 19118, 19791, 20181, 20503, 21243, 22280, 22530, 22807, 23057, 23308, 23558, 23808, 24084]"
1669804236,0.01,0.1,3,500,0.01763427057020995,0.017526605656548924,0.3324775353016688,0.3364114456085138,0.6851629467058677,0.6869435587394923,0.30254974063959206,0.3063176653290411,0.6835992833597401,0.6854052583963545,3.7287581699346406,1267.7777777777778,340.0,0.0,"[1040, 2599, 3099, 3599, 10161, 10661, 11161, 11800, 12300, 13868, 14368, 14868, 15981, 17152, 19767, 21713, 22354, 22860, 23360, 23860]"
1669804673,0.01,0.1,3,1000,0.023603461841070022,0.023396413930183445,0.3324775353016688,0.3364114456085138,0.6629260010766491,0.6639612406310821,0.30254974063959206,0.3063176653290411,0.6603506986227967,0.6611368364948303,4.352213541666667,1671.25,384.0,0.0,"[3404, 4404, 9412, 10412, 11412, 12412, 13412, 14412, 15412, 16412, 17820, 20033, 22459, 23459]"
1669804996,0.01,0.01,2,100,0.020626843639853558,0.020407616440091293,0.3324775353016688,0.3364114456085138,0.6831338771791793,0.6833409250900658,0.30254974063959206,0.3063176653290411,0.6801133221440184,0.6803814088502148,74.93333333333334,1348.8,18.0,0.0,"[3380, 3492, 3592, 6562, 6704, 10578, 11826, 11926, 13898, 14046, 17534, 18089, 18285, 18422, 22792, 23329, 23612]"
1669805248,0.01,0.01,2,250,0.023760818253343825,0.02357585545295181,0.3324775353016688,0.3364114456085138,0.6888898091018262,0.690049277402791,0.30254974063959206,0.3063176653290411,0.6872732503903171,0.6884646801441607,10.71002331002331,1767.1538461538462,165.0,0.0,"[641, 1037, 3219, 3633, 10624, 11273, 11755, 12005, 13943, 14193, 19914, 22051, 22981, 23364, 23614]"
1669805496,0.01,0.01,2,500,0.024410948693527685,0.024156575545867028,0.3324775353016688,0.3364114456085138,0.6742308170110564,0.6746035032506522,0.30254974063959206,0.3063176653290411,0.6720552197965812,0.672309338916765,4.479057591623037,1711.0,382.0,0.0,"[3380, 4364, 4864, 10123, 10731, 11278, 11942, 12442, 14410, 18191, 20017, 22912, 23412, 23912]"
1669805888,0.01,0.01,2,1000,0.03604013968832388,0.03568585770747351,0.3324775353016688,0.3364114456085138,0.6568387924965837,0.6575841649757754,0.30254974063959206,0.3063176653290411,0.6552125877848293,0.6560903588821753,1.145303898126008,2942.285714285714,2569.0,0.0,"[3467, 4467, 10919, 11919, 12919, 16597, 17597, 23063, 24063]"
1669806184,0.01,0.01,3,100,0.014327715433351278,0.014190235620522589,0.3324775353016688,0.3364114456085138,0.6906704211354507,0.6911673361215785,0.30254974063959206,0.3063176653290411,0.6888050543541735,0.6891064121459488,8.639492753623188,1036.7391304347825,120.0,0.0,"[199, 566, 921, 4333, 4615, 5809, 6958, 9198, 10684, 11862, 13909, 14009, 14148, 14596, 16511, 18212, 18312, 21498, 22227, 22659, 23079, 23238, 23338, 23438, 24044]"
1669806438,0.01,0.01,3,250,0.023203169213355974,0.023026488329399422,0.3324775353016688,0.3364114456085138,0.6805250735020084,0.6818087705495052,0.30254974063959206,0.3063176653290411,0.6780870999841276,0.6794332634722791,162.22377622377624,1784.4615384615386,11.0,0.0,"[718, 1027, 3292, 4229, 10635, 11366, 11850, 12100, 14039, 14472, 18163, 18435, 20541, 23458, 23916]"
1669806704,0.01,0.01,3,500,0.028972904330061982,0.028700291247394646,0.3324775353016688,0.3364114456085138,0.6801523872624126,0.6808149405772496,0.30254974063959206,0.3063176653290411,0.6757090468052888,0.6763528591819558,124.00555555555555,2232.1,18.0,0.0,"[1325, 1983, 8706, 9206, 10690, 11616, 12116, 12616, 14046, 14546, 23146, 23646]"
1669807114,0.01,0.01,3,1000,0.05452261653346585,0.05394288238298342,0.3324775353016688,0.3364114456085138,0.6596132345024639,0.6600687399064143,0.30254974063959206,0.3063176653290411,0.6568964876093553,0.6573068365334561,6.118610747051114,4668.5,763.0,0.0,"[4772, 11000, 12504, 13504, 14791, 23446]"
1669807482,0.05,0.1,2,100,0.002105973036446348,0.0021800473200927263,0.3324775353016688,0.3364114456085138,0.6715391941695308,0.6873990641434428,0.30254974063959206,0.3063176653290411,0.6716186774649229,0.6874848852418333,1.6133089876242648,150.03773584905662,93.0,0.0,"[214, 359, 509, 609, 709, 947, 1455, 1612, 1712, 1887, 1987, 2087, 2391, 2491, 2620, 2720, 2824, 2924, 3042, 3147, 3247, 3347, 3472, 3629, 3729, 3830, 3958, 4232, 4332, 4432, 4535, 4635, 4757, 4857, 4957, 5097, 5197, 5345, 5529, 5876, 5982, 6345, 6448, 6548, 6661, 6761, 7026, 7126, 7302, 7465, 7568, 7676, 7987, 8103, 8374, 8609, 8800, 8907, 9231, 9412, 9765, 9865, 10015, 10212, 10490, 10590, 10734, 10890, 11051, 11151, 11251, 11351, 11494, 11594, 11694, 11804, 11904, 12063, 12165, 12303, 12409, 12700, 12852, 12952, 13052, 13152, 13267, 13367, 13477, 13614, 13821, 13921, 14021, 14121, 14469, 14569, 14669, 14769, 14984, 15167, 15289, 15405, 15505, 15613, 15713, 15845, 16017, 16165, 16313, 16413, 16548, 16648, 16748, 16848, 16963, 17450, 17772, 17874, 18083, 18190, 18290, 18420, 18520, 18771, 19049, 19160, 19506, 19622, 19722, 19985, 20085, 20185, 20415, 20636, 20737, 20909, 21021, 21314, 21472, 21604, 21704, 21804, 21959, 22071, 22176, 22276, 22388, 22488, 22636, 22769, 22869, 23046, 23146, 23329, 23429, 23534, 23634, 23734, 23838, 23941, 24070]"
1669807669,0.05,0.1,2,250,0.005465437429493913,0.005535708235612994,0.3324775353016688,0.3364114456085138,0.693196405648267,0.7017681891589714,0.30254974063959206,0.3063176653290411,0.692363093935401,0.7010488651598753,3.66296875,366.296875,100.0,0.0,"[499, 749, 1029, 1368, 1618, 1868, 2226, 2522, 2822, 3250, 3500, 4252, 4502, 4794, 5044, 5294, 5606, 5856, 6131, 6381, 7431, 7706, 8233, 8741, 9720, 10599, 10931, 11253, 11503, 11753, 12003, 12259, 12704, 13174, 13628, 13878, 14128, 14407, 14985, 15249, 15499, 15793, 16183, 16435, 16690, 16977, 17227, 17477, 17727, 18449, 18822, 19581, 19932, 20182, 20494, 20744, 21150, 21490, 22192, 22442, 22692, 22942, 23192, 23442, 23692, 23942]"
1669807856,0.05,0.1,2,500,0.01104988819412812,0.011053770342457246,0.3324775353016688,0.3364114456085138,0.6860739575137687,0.6901320965671457,0.30254974063959206,0.3063176653290411,0.6838647226961112,0.6878377292415068,1.9625886524822693,737.9333333333333,376.0,0.0,"[1778, 3169, 3669, 4512, 5012, 5783, 7065, 7565, 8100, 8751, 10555, 11055, 11816, 12316, 12845, 13404, 13904, 14404, 15062, 15562, 16185, 17028, 17972, 18472, 19230, 19870, 21362, 21862, 22416, 22916, 23416, 23916]"
1669808111,0.05,0.1,2,1000,0.01839239284180886,0.01813739699366433,0.3324775353016688,0.3364114456085138,0.6819329992960371,0.6810219884881361,0.30254974063959206,0.3063176653290411,0.6779471221187112,0.6772556665761834,2.163749236718909,1250.6470588235295,578.0,0.0,"[1999, 3331, 4331, 5341, 7151, 8151, 9203, 10606, 11606, 12606, 13606, 14606, 15606, 17551, 18692, 20059, 21085, 22260, 23260]"
1669808291,0.05,0.1,3,100,0.0019134578030373568,0.001999867393592334,0.3324775353016688,0.3364114456085138,0.6635057352271315,0.6823885046999876,0.30254974063959206,0.3063176653290411,0.6632303441602907,0.6820392273571197,12.677299308878258,139.45029239766083,11.0,0.0,"[199, 422, 535, 661, 884, 984, 1155, 1273, 1428, 1528, 1682, 1827, 1927, 2210, 2310, 2410, 2510, 2773, 2873, 3014, 3189, 3289, 3389, 3489, 3589, 3690, 3790, 3936, 4036, 4136, 4236, 4336, 4436, 4550, 4674, 4811, 4935, 5035, 5135, 5235, 5347, 5452, 5552, 5661, 5761, 5861, 5961, 6381, 6561, 6694, 6794, 6894, 7032, 7132, 7239, 7340, 7506, 7713, 7882, 7993, 8093, 8193, 8870, 9126, 9287, 9387, 9955, 10056, 10156, 10256, 10360, 10480, 10580, 10791, 10891, 10991, 11091, 11215, 11368, 11495, 11595, 11802, 11902, 12209, 12353, 12455, 12555, 12799, 12984, 13143, 13261, 13361, 13739, 13839, 13939, 14039, 14139, 14303, 14403, 14542, 14642, 14749, 14961, 15077, 15497, 15875, 15998, 16098, 16232, 16332, 16606, 16711, 16841, 16941, 17041, 17141, 17343, 17443, 17543, 17674, 17774, 18027, 18127, 18257, 18357, 18489, 18657, 18757, 18857, 18988, 19088, 19188, 19335, 19435, 19535, 19762, 19863, 19963, 20072, 20187, 20421, 20521, 20636, 20766, 20866, 20977, 21077, 21186, 21383, 21483, 21608, 21749, 21849, 21961, 22071, 22171, 22271, 22375, 22475, 22592, 22692, 22792, 22892, 23033, 23145, 23288, 23388, 23530, 23630, 23745, 23845, 23945, 24045]"
1669808470,0.05,0.1,3,250,0.004789156210747167,0.004850442392369594,0.3324775353016688,0.3364114456085138,0.6916642511077064,0.7001946250362334,0.30254974063959206,0.3063176653290411,0.6912607189726779,0.7000424592119856,5.851058530510586,321.8082191780822,55.0,0.0,"[504, 765, 1059, 1501, 1751, 2002, 2252, 2532, 2853, 3225, 3475, 4202, 4452, 4702, 4952, 5231, 5491, 5933, 6199, 6482, 6778, 7377, 8164, 8738, 8988, 9289, 9608, 9942, 10541, 10791, 11041, 11291, 11541, 11791, 12041, 12310, 12642, 13169, 13583, 13833, 14083, 14333, 14583, 14939, 15189, 15439, 15689, 15975, 16237, 16487, 16781, 17031, 17865, 18169, 18419, 18752, 19199, 19466, 19716, 19966, 20216, 20466, 20752, 21058, 21337, 21587, 21837, 22226, 22492, 22742, 22992, 23242, 23492, 23746, 23996]"
1669808630,0.05,0.1,3,500,0.009542729240177756,0.00958958745158893,0.3324775353016688,0.3364114456085138,0.6951012464284235,0.7008157687688932,0.30254974063959206,0.3063176653290411,0.6933537860765272,0.699116144186541,1.577750206782465,635.8333333333334,403.0,0.0,"[999, 1499, 1999, 2499, 2999, 3499, 3999, 4558, 5226, 5752, 6341, 6841, 7434, 7934, 8434, 8934, 9693, 10193, 10693, 11193, 11693, 12193, 12693, 13401, 13931, 14431, 15314, 16410, 16910, 17965, 18573, 19151, 19731, 20549, 21049, 22889, 23389, 23889]"
1669808841,0.05,0.1,3,1000,0.017441716013085428,0.017425152180214502,0.3324775353016688,0.3364114456085138,0.6813118555633774,0.6849144892128038,0.30254974063959206,0.3063176653290411,0.6786237820090535,0.6822370764150963,1.554706298655343,1220.4444444444443,785.0,0.0,"[1999, 3386, 4386, 5392, 7011, 8104, 9514, 10712, 11712, 12712, 13813, 14813, 15814, 16852, 17852, 19320, 20320, 21399, 22967, 23967]"
1669809011,0.05,0.01,2,100,0.006180925002887774,0.006226693488452176,0.3324775353016688,0.3364114456085138,0.6847902604662719,0.6913329744502879,0.30254974063959206,0.3063176653290411,0.6838840426866638,0.6904234865729056,6.448671328671329,419.1636363636364,65.0,0.0,"[583, 697, 1279, 1379, 3578, 3684, 3813, 4021, 5562, 5727, 5931, 6467, 6572, 6672, 7956, 8058, 8693, 10511, 10611, 10748, 10848, 11096, 11289, 11552, 11806, 11906, 13893, 13993, 14093, 14195, 14356, 14899, 15126, 15400, 15500, 15882, 15982, 16287, 16451, 18087, 18285, 18396, 18696, 19003, 19186, 19294, 19566, 21042, 21219, 21489, 22310, 22457, 22792, 23318, 23418, 23518, 23637]"
1669809220,0.05,0.01,2,250,0.012349717724681493,0.012353858682899224,0.3324775353016688,0.3364114456085138,0.7029690670421136,0.7070272060954905,0.30254974063959206,0.3063176653290411,0.7005240243104315,0.7047104595730121,4.915680473372781,830.75,169.0,0.0,"[570, 1027, 2208, 2642, 3219, 3469, 4155, 4522, 5332, 5582, 6488, 6744, 7284, 7706, 8233, 8780, 10329, 10600, 10850, 11836, 12086, 13459, 13947, 14197, 17531, 22049, 22883, 23298, 23548, 23831]"
1669809434,0.05,0.01,2,500,0.01401465899209077,0.01397821855977473,0.3324775353016688,0.3364114456085138,0.682844010103938,0.6858669096028821,0.30254974063959206,0.3063176653290411,0.6804044116915127,0.6836388778086867,21.309288537549406,937.6086956521739,44.0,0.0,"[2407, 2907, 3407, 4023, 4597, 7354, 8315, 8860, 10602, 11102, 11885, 12385, 13572, 14072, 14572, 15807, 16938, 17438, 18086, 19984, 21308, 22053, 22972, 23472, 23972]"
1669809737,0.05,0.01,2,1000,0.028020483939983715,0.027799632835038026,0.3324775353016688,0.3364114456085138,0.6687233425814734,0.6700070396289701,0.30254974063959206,0.3063176653290411,0.6657030741563539,0.6670340121424775,2.3573378839590444,2072.1,879.0,0.0,"[3342, 4342, 7474, 8474, 9474, 10733, 11733, 12733, 14907, 18470, 23063, 24063]"
1669810008,0.05,0.01,3,100,0.00462980640213652,0.004683047293507353,0.3324775353016688,0.3364114456085138,0.6889726282661808,0.69700608720858,0.30254974063959206,0.3063176653290411,0.6870778880243505,0.6951552526472115,5.125027322404372,312.62666666666667,61.0,0.0,"[199, 419, 557, 894, 2810, 3093, 3232, 3747, 3883, 4322, 4452, 4916, 5175, 5986, 6086, 6186, 6382, 6983, 7134, 7376, 7708, 7808, 7908, 8080, 8403, 8682, 9121, 9736, 10346, 10471, 10599, 10711, 10847, 11056, 11501, 11601, 11859, 11959, 12250, 12355, 12952, 13225, 13325, 13458, 13630, 13786, 13889, 13989, 14089, 14221, 14321, 14469, 14569, 14714, 15414, 15823, 16482, 16970, 17185, 17380, 18496, 18596, 19394, 19538, 19740, 20822, 20994, 21094, 21462, 21811, 22046, 22846, 23153, 23279, 23379, 23545, 23646]"
1669810223,0.05,0.01,3,250,0.009865553159271326,0.009863314803477958,0.3324775353016688,0.3364114456085138,0.6975030021947078,0.7013540933371982,0.30254974063959206,0.3063176653290411,0.6967035479209418,0.7004806670442932,6.764359351988218,656.1428571428571,97.0,0.0,"[680, 930, 1257, 1548, 2106, 2627, 2959, 3214, 3541, 4313, 4894, 5309, 5905, 8785, 9418, 10240, 10681, 11752, 12002, 13101, 13351, 13875, 14125, 14394, 16528, 17918, 18168, 18418, 18668, 18989, 19935, 20283, 20533, 21612, 22877, 23395, 23645]"
1669810433,0.05,0.01,3,500,0.013393699302018487,0.013359958160985118,0.3324775353016688,0.3364114456085138,0.6941074164561679,0.697130315955112,0.30254974063959206,0.3063176653290411,0.6923954551694881,0.69530419251442,1.90149377593361,916.52,482.0,0.0,"[999, 2889, 3389, 4662, 5944, 6925, 7620, 8147, 8738, 9238, 10446, 10946, 11943, 12443, 13010, 13510, 14010, 14510, 15010, 16345, 16882, 18697, 19755, 20764, 22912, 23412, 23912]"
1669810713,0.05,0.01,3,1000,0.020963600977266142,0.02080055074744296,0.3324775353016688,0.3364114456085138,0.6678951509379271,0.6692202575676012,0.30254974063959206,0.3063176653290411,0.6660275431189836,0.6672755179694693,1.606499015300712,1514.9285714285713,943.0,0.0,"[2096, 3717, 4928, 8171, 10949, 11949, 12949, 13971, 14971, 16275, 17284, 18694, 19942, 20942, 21942, 23305]"
1669810928,0.01,0.1,2,100,0.007767380350536519,0.007821124701873034,0.3324775353016688,0.3364114456085138,0.6975444117768852,0.7040043065965464,0.30254974063959206,0.3063176653290411,0.6957224701907355,0.7021670672298143,7.045037037037036,528.3777777777777,75.0,0.0,"[292, 805, 1523, 2246, 2897, 3151, 3314, 3640, 3802, 4360, 4520, 4903, 5160, 5921, 6168, 7305, 10499, 10606, 11196, 11353, 11806, 11906, 13903, 14003, 14103, 14423, 14607, 16539, 16717, 16817, 17441, 17853, 19602, 19829, 20230, 20421, 20956, 21811, 22104, 22483, 22662, 22831, 23163, 23316, 23416, 23646, 24069]"
1669811239,0.01,0.1,2,250,0.011343637417698456,0.011304815934407223,0.3324775353016688,0.3364114456085138,0.6954739326680194,0.698165555509545,0.30254974063959206,0.3063176653290411,0.6931120103814722,0.6958993580998118,4.746830265848671,773.7333333333333,163.0,0.0,"[657, 1037, 3298, 3649, 4819, 5092, 5342, 6540, 6955, 7236, 7580, 9379, 9916, 10647, 11839, 12089, 13941, 14191, 14441, 14983, 15339, 16396, 18452, 18822, 20143, 20595, 21719, 22700, 22950, 23369, 23619, 23869]"
1669811524,0.01,0.1,2,500,0.021903080872913996,0.0217555592364073,0.3324775353016688,0.3364114456085138,0.6829268292682927,0.6845003933910306,0.30254974063959206,0.3063176653290411,0.6803694989624537,0.6819738221691093,47.53917050691244,1473.7142857142858,31.0,0.0,"[3314, 3814, 5332, 6008, 8100, 10434, 10934, 11856, 12356, 14059, 14559, 16001, 17223, 22946, 23446, 23946]"
1669811977,0.01,0.1,2,1000,0.030978131976102906,0.030537684602035094,0.3324775353016688,0.3364114456085138,0.6732369870388007,0.6723259762308998,0.30254974063959206,0.3063176653290411,0.6703844727924021,0.6695941290656243,2.2690541781450873,2196.4444444444443,968.0,0.0,"[3425, 4425, 7491, 10995, 11995, 12995, 13996, 14996, 17071, 18661, 23193]"
1669812321,0.01,0.1,3,100,0.004991533419211584,0.005069316283031136,0.3324775353016688,0.3364114456085138,0.701851008323326,0.7115408505528179,0.30254974063959206,0.3063176653290411,0.7004653781490982,0.7103631686468508,3.501625295508274,329.15277777777777,94.0,0.0,"[299, 807, 1263, 1563, 1679, 2118, 2246, 2394, 2511, 2781, 3291, 3392, 4234, 4334, 4824, 5032, 5414, 6297, 6438, 6739, 7585, 8718, 8820, 9358, 9951, 10163, 10324, 10546, 10756, 10856, 11168, 11285, 11795, 11895, 12067, 12286, 12444, 12563, 12845, 12945, 13326, 13494, 13820, 13922, 14022, 14122, 14764, 15283, 15418, 16005, 16167, 17280, 17439, 19441, 19575, 19980, 20478, 20583, 21991, 22208, 22308, 22411, 22592, 22706, 22831, 22933, 23038, 23233, 23333, 23433, 23533, 23633, 23845, 23998]"
1669812629,0.01,0.1,3,250,0.007683680131241945,0.007725970768359202,0.3324775353016688,0.3364114456085138,0.6936105014700402,0.6995320717213963,0.30254974063959206,0.3063176653290411,0.6926094760946363,0.6985801538495545,5.607646356033452,521.5111111111111,93.0,0.0,"[588, 1240, 1621, 1975, 2228, 2620, 3171, 3421, 4610, 4877, 5277, 5685, 6066, 6576, 7152, 7437, 8515, 8780, 9704, 10664, 11120, 11651, 11901, 12151, 13871, 14121, 14372, 14809, 15132, 15384, 15877, 16148, 17070, 17681, 18833, 19686, 19936, 20186, 20445, 20735, 22311, 22805, 23055, 23305, 23555, 23805, 24056]"
1669812887,0.01,0.1,3,500,0.017582508592488305,0.017338192057642136,0.3324775353016688,0.3364114456085138,0.6841277071514349,0.6831752867613565,0.30254974063959206,0.3063176653290411,0.6826281836384146,0.6815048556587517,78.47222222222223,1255.5555555555557,16.0,0.0,"[1065, 2622, 3122, 3622, 10299, 10799, 11381, 11881, 12381, 12961, 13544, 14044, 14544, 15056, 15648, 20462, 21702, 22665, 23165, 23665]"
1669813332,0.01,0.1,3,1000,0.02613581705883665,0.025896915623198288,0.3324775353016688,0.3364114456085138,0.6722431570665452,0.6730713487100916,0.30254974063959206,0.3063176653290411,0.6709961590206436,0.6718280984951108,33.23051948051948,1860.909090909091,56.0,0.0,"[3409, 4409, 8149, 9706, 10866, 11866, 12866, 14084, 15084, 16447, 19922, 22879, 23879]"
1669813698,0.01,0.01,2,100,0.020626843639853558,0.020407616440091293,0.3324775353016688,0.3364114456085138,0.6831338771791793,0.6833409250900658,0.30254974063959206,0.3063176653290411,0.6801133221440184,0.6803814088502148,74.93333333333334,1348.8,18.0,0.0,"[3380, 3492, 3592, 6562, 6704, 10578, 11826, 11926, 13898, 14046, 17534, 18089, 18285, 18422, 22792, 23329, 23612]"
1669813945,0.01,0.01,2,250,0.01808977597416042,0.0179821110604994,0.3324775353016688,0.3364114456085138,0.6942730547848772,0.6960536668185018,0.30254974063959206,0.3063176653290411,0.6926621253899213,0.694386855050837,16.40154711673699,1295.7222222222222,79.0,0.0,"[641, 1026, 3718, 6173, 7448, 7703, 10602, 11245, 11754, 12004, 13493, 14107, 14357, 16257, 16970, 18870, 22879, 23303, 23553, 23964]"
1669814194,0.01,0.01,2,500,0.022706254227228183,0.022504727593965244,0.3324775353016688,0.3364114456085138,0.6730713487100916,0.6739823595179925,0.30254974063959206,0.3063176653290411,0.6708259410812808,0.6716287722735103,3.204662004662005,1586.3076923076924,495.0,0.0,"[3380, 4364, 4864, 10123, 10731, 11278, 11978, 12478, 14523, 16367, 17303, 22008, 23002, 23502, 24002]"
1669814571,0.01,0.01,2,1000,0.04033810923847779,0.03979978467017268,0.3324775353016688,0.3364114456085138,0.6551824092094911,0.6548097229698953,0.30254974063959206,0.3063176653290411,0.6531391719069463,0.6528271522066148,0.8903531438415159,3445.6666666666665,3870.0,0.0,"[3467, 4467, 10928, 11928, 12928, 17898, 23141, 24141]"
1669814957,0.01,0.01,3,100,0.011985313401521114,0.01192595966706696,0.3324775353016688,0.3364114456085138,0.6920369373473022,0.6941902356205226,0.30254974063959206,0.3063176653290411,0.6905862522895708,0.6925578732982602,6.94672619047619,833.6071428571429,120.0,0.0,"[199, 528, 944, 2923, 3112, 3401, 3636, 4240, 4341, 4615, 5809, 6958, 9198, 10684, 11862, 13909, 14009, 14148, 14596, 16511, 18212, 18312, 21498, 22227, 22659, 23079, 23238, 23338, 23438, 23540]"
1669815249,0.01,0.01,3,250,0.023868483167004843,0.023774621447402926,0.3324775353016688,0.3364114456085138,0.6905047828067414,0.6930307673195577,0.30254974063959206,0.3063176653290411,0.689198594976073,0.6920065868012854,875.8076923076923,1751.6153846153845,2.0,0.0,"[718, 1027, 3255, 4528, 8790, 10562, 10823, 11899, 12149, 12474, 14030, 14486, 17107, 22931, 23489]"
1669815572,0.01,0.01,3,500,0.03433268458321256,0.034022112716882685,0.3324775353016688,0.3364114456085138,0.6758043811337944,0.6766325727773407,0.30254974063959206,0.3063176653290411,0.6740326740980555,0.6747444817643499,21.216603053435115,2779.375,131.0,0.0,"[1327, 4362, 10684, 11521, 12021, 12521, 14159, 14659, 23062, 23562]"
1669816016,0.01,0.01,3,1000,0.05452261653346585,0.05394288238298342,0.3324775353016688,0.3364114456085138,0.6596132345024639,0.6600687399064143,0.30254974063959206,0.3063176653290411,0.6568964876093553,0.6573068365334561,6.118610747051114,4668.5,763.0,0.0,"[4772, 11000, 12504, 13504, 14791, 23446]"
1669816434,0.05,0.1,2,100,0.002142814834694521,0.0022217027096019387,0.3324775353016688,0.3364114456085138,0.6710422791834031,0.6874404737256201,0.30254974063959206,0.3063176653290411,0.6713027183128547,0.6876625230809679,1.6435070306038047,152.84615384615384,93.0,0.0,"[214, 359, 509, 609, 709, 947, 1455, 1612, 1712, 1887, 1987, 2087, 2391, 2491, 2620, 2720, 2824, 2924, 3042, 3147, 3247, 3347, 3468, 3629, 3729, 3830, 3958, 4225, 4325, 4498, 4657, 4893, 5130, 5274, 5374, 5583, 5688, 5801, 5901, 6093, 6193, 6317, 6417, 6517, 6625, 7074, 7175, 7278, 7571, 7676, 7987, 8107, 8369, 8554, 8874, 9326, 9428, 9670, 9770, 9870, 10125, 10225, 10517, 10771, 10871, 11151, 11251, 11351, 11494, 11594, 11694, 11804, 11904, 12063, 12163, 12263, 12364, 12464, 12719, 12819, 12955, 13055, 13155, 13267, 13367, 13477, 13614, 13821, 13921, 14021, 14121, 14255, 14355, 14718, 14818, 14918, 15109, 15209, 15309, 15412, 15512, 15927, 16038, 16231, 16401, 16501, 16634, 16736, 16837, 16965, 17285, 17437, 17651, 17751, 17857, 18309, 18547, 18657, 18904, 19004, 19104, 19205, 19372, 19553, 19776, 19936, 20043, 20143, 20246, 20469, 20573, 20673, 20773, 20873, 20990, 21501, 21601, 21701, 21801, 21994, 22106, 22206, 22306, 22406, 22506, 22637, 22738, 22838, 23068, 23168, 23268, 23368, 23468, 23568, 23668, 23842, 23942, 24058]"
1669816638,0.05,0.1,2,250,0.00526510658095695,0.005341227136429959,0.3324775353016688,0.3364114456085138,0.6905047828067414,0.699614890885751,0.30254974063959206,0.3063176653290411,0.6901792002327967,0.6992340208416105,3.541363636363636,354.1363636363636,100.0,0.0,"[499, 749, 1029, 1368, 1618, 1868, 2226, 2514, 2991, 3241, 3491, 4288, 4585, 4837, 5087, 5337, 5670, 5920, 6316, 6566, 6937, 7191, 7441, 7706, 8233, 8741, 9720, 10599, 10931, 11253, 11503, 11753, 12003, 12259, 12704, 13174, 13628, 13878, 14128, 14407, 14973, 15246, 15567, 16072, 16322, 16970, 17226, 17478, 17728, 18463, 18713, 19019, 19269, 19676, 19926, 20176, 20488, 20738, 21566, 21816, 22066, 22366, 22620, 22870, 23121, 23372, 23622, 23872]"
1669816817,0.05,0.1,2,500,0.013579157601684416,0.013580750277922004,0.3324775353016688,0.3364114456085138,0.6855356329454636,0.6895109528344859,0.30254974063959206,0.3063176653290411,0.6834123351085187,0.6875785862498877,2.199162679425837,919.25,418.0,0.0,"[1778, 3169, 3669, 4512, 5012, 5783, 7065, 7565, 8096, 8907, 10169, 10669, 11169, 11835, 12335, 13946, 14446, 16248, 16874, 18009, 18847, 19347, 20262, 22840, 23340, 23840]"
1669817179,0.05,0.1,2,1000,0.01844469968245389,0.018296496967292967,0.3324775353016688,0.3364114456085138,0.6829268292682927,0.6840448879870802,0.30254974063959206,0.3063176653290411,0.6800471106394083,0.6811043634129597,2.444284128745838,1295.4705882352941,530.0,0.0,"[1999, 3332, 4332, 5341, 7151, 8151, 9211, 10558, 11558, 12558, 13558, 14558, 15558, 17514, 18851, 20021, 21648, 23022, 24022]"
1669817388,0.05,0.1,3,100,0.0018538391478703424,0.0019413373610585693,0.3324775353016688,0.3364114456085138,0.6606070644747194,0.6800281585158806,0.30254974063959206,0.3063176653290411,0.6604248416628801,0.6799986002449403,1.481304347826087,136.28,92.0,0.0,"[232, 359, 460, 569, 669, 1160, 1308, 1455, 1558, 1658, 1758, 1858, 1959, 2059, 2214, 2380, 2489, 2593, 2693, 2860, 2960, 3080, 3259, 3361, 3486, 3586, 3690, 3790, 3950, 4050, 4150, 4250, 4350, 4450, 4553, 4653, 4753, 4853, 4953, 5053, 5404, 5504, 5604, 6053, 6153, 6390, 6739, 6868, 6968, 7239, 7341, 7516, 7616, 7734, 7971, 8132, 8241, 8341, 8547, 8662, 9037, 9147, 9247, 9347, 9447, 9643, 9743, 10062, 10162, 10262, 10403, 10503, 10603, 10708, 10809, 11106, 11206, 11350, 11512, 11618, 11728, 11828, 11928, 12040, 12140, 12245, 12345, 12445, 12545, 12786, 12886, 12994, 13175, 13285, 13385, 13507, 13614, 13820, 13920, 14020, 14120, 14473, 14573, 14673, 14773, 14883, 15002, 15102, 15202, 15302, 15402, 15502, 15638, 15738, 15881, 15997, 16097, 16197, 16297, 16399, 16548, 16648, 16748, 16848, 16988, 17090, 17190, 17316, 17426, 17534, 17642, 17772, 18032, 18132, 18232, 18373, 18484, 18657, 18757, 19045, 19151, 19251, 19351, 19539, 19761, 19969, 20292, 20392, 20580, 20779, 20917, 21042, 21147, 21298, 21467, 21567, 21667, 21804, 21955, 22071, 22171, 22271, 22375, 22479, 22591, 22695, 22846, 23025, 23132, 23232, 23332, 23432, 23532, 23632, 23809, 23981, 24081]"
1669817598,0.05,0.1,3,250,0.004572351713072481,0.004638921547711962,0.3324775353016688,0.3364114456085138,0.6936933206343948,0.7028862478777589,0.30254974063959206,0.3063176653290411,0.6929540989892508,0.7021885829202036,4.687312687312688,304.6753246753247,65.0,0.0,"[577, 827, 1077, 1327, 1577, 1827, 2138, 2388, 2638, 2945, 3222, 3472, 4226, 4476, 4726, 4982, 5232, 5482, 6080, 6366, 6616, 6896, 7225, 7562, 7812, 8184, 8683, 9049, 9617, 9944, 10288, 10538, 10788, 11038, 11288, 11538, 11788, 12038, 12288, 12568, 13331, 13593, 13843, 14093, 14343, 14819, 15069, 15398, 15927, 16180, 16430, 16769, 17019, 17370, 17680, 17930, 18180, 18430, 18755, 19170, 19438, 19688, 19938, 20188, 20438, 20736, 21001, 21251, 21512, 21762, 22012, 22287, 22537, 22787, 23037, 23287, 23537, 23787, 24037]"
1669817767,0.05,0.1,3,500,0.008774791462354145,0.008797011238156608,0.3324775353016688,0.3364114456085138,0.6922439852581888,0.6970889063729347,0.30254974063959206,0.3063176653290411,0.6898793376821949,0.6949478970325957,1.4420888055034398,591.2564102564103,410.0,0.0,"[999, 1499, 1999, 2499, 2999, 3499, 3999, 4558, 5226, 5805, 6987, 7498, 7998, 8541, 9043, 9719, 10219, 10719, 11219, 11753, 12253, 12846, 13346, 13938, 14438, 15172, 15672, 16183, 16683, 17451, 17951, 18573, 19965, 20465, 20965, 21465, 22058, 22558, 23058, 23558, 24058]"
1669817956,0.05,0.1,3,1000,0.017522464698331196,0.017437575054867697,0.3324775353016688,0.3364114456085138,0.6829268292682927,0.6851629467058677,0.30254974063959206,0.3063176653290411,0.6805462222047689,0.6828488329688209,1.3324235807860263,1220.5,916.0,0.0,"[1999, 3386, 4386, 5392, 7020, 8454, 9454, 10734, 11734, 12734, 13944, 14944, 16259, 17310, 18378, 19378, 20378, 21378, 22968, 23968]"
1669818158,0.05,0.01,2,100,0.005949644544357735,0.0060001782717605595,0.3324775353016688,0.3364114456085138,0.6835065634187751,0.6904219636423868,0.30254974063959206,0.3063176653290411,0.6824892778285273,0.6894512145030137,6.222402159244265,404.4561403508772,65.0,0.0,"[583, 697, 1279, 1379, 3578, 3684, 3813, 4021, 5562, 5727, 5931, 6467, 6572, 6672, 7956, 8058, 8693, 10511, 10611, 10748, 10848, 11096, 11289, 11552, 11806, 11906, 13893, 13993, 14093, 14195, 14356, 14899, 15126, 15400, 15500, 15882, 15982, 16287, 16451, 18087, 18285, 18396, 18696, 19003, 19186, 19431, 19568, 21043, 21175, 21419, 21615, 21805, 22277, 22457, 22792, 23318, 23418, 23518, 23637]"
1669818409,0.05,0.01,2,250,0.012349717724681493,0.012353858682899224,0.3324775353016688,0.3364114456085138,0.7029690670421136,0.7070272060954905,0.30254974063959206,0.3063176653290411,0.7005240243104315,0.7047104595730121,4.915680473372781,830.75,169.0,0.0,"[570, 1027, 2208, 2642, 3219, 3469, 4155, 4522, 5332, 5582, 6488, 6744, 7284, 7706, 8233, 8780, 10329, 10600, 10850, 11836, 12086, 13459, 13947, 14197, 17531, 22049, 22883, 23298, 23548, 23831]"
1669818664,0.05,0.01,2,500,0.01682214978831816,0.01675904947261939,0.3324775353016688,0.3364114456085138,0.6857426808563502,0.688351484533521,0.30254974063959206,0.3063176653290411,0.6832977589694863,0.6859760806751182,19.92982456140351,1136.0,57.0,0.0,"[2407, 2907, 3407, 4023, 4597, 7354, 7971, 8954, 10381, 10881, 11926, 12426, 13585, 14085, 14585, 16341, 16867, 21939, 22991, 23491, 23991]"
1669819019,0.05,0.01,2,1000,0.02811710629839745,0.027816886827611905,0.3324775353016688,0.3364114456085138,0.6698828108824382,0.6702140875398567,0.30254974063959206,0.3063176653290411,0.6685367535694587,0.6689127624474781,19.271962616822428,2062.1,107.0,0.0,"[3342, 4342, 5347, 10135, 11135, 12135, 13135, 14135, 15135, 17615, 22963, 23963]"
1669819304,0.05,0.01,3,100,0.004356288045053626,0.004410638121661353,0.3324775353016688,0.3364114456085138,0.6809805789059589,0.689262495341422,0.30254974063959206,0.3063176653290411,0.6794876191407629,0.6872593687424532,152.82051282051282,305.64102564102564,2.0,0.0,"[199, 419, 557, 774, 1162, 1547, 2289, 2389, 2489, 2872, 3300, 3448, 3548, 4021, 4410, 4602, 4726, 4827, 5061, 5281, 5465, 5867, 6958, 7134, 7376, 7708, 7808, 7908, 8080, 8403, 8682, 9121, 9736, 9877, 10079, 10451, 10551, 10786, 10886, 10986, 11589, 11798, 11898, 13459, 13718, 13818, 13918, 14030, 14202, 15280, 15380, 15695, 15882, 16346, 16460, 16866, 16991, 17223, 17662, 17924, 18025, 18125, 19017, 19145, 19389, 19534, 19762, 20127, 20227, 20511, 20764, 21493, 22062, 22447, 22547, 23355, 23455, 23688, 23920, 24039]"
1669819563,0.05,0.01,3,250,0.008418664358002209,0.00843985065586037,0.3324775353016688,0.3364114456085138,0.6944801026957638,0.6993250238105098,0.30254974063959206,0.3063176653290411,0.6939446581806945,0.6987749732331295,3.8404610758436353,560.7073170731708,146.0,0.0,"[680, 930, 1257, 1548, 2106, 2627, 2959, 3214, 3541, 4313, 4894, 5309, 5905, 8785, 9418, 10240, 10678, 11748, 11998, 12432, 12895, 13333, 13924, 14174, 14424, 15624, 15874, 16196, 16446, 16700, 17218, 17931, 18181, 18431, 18778, 19062, 19919, 20188, 20445, 21001, 22897, 23419, 23669]"
1669819804,0.05,0.01,3,500,0.01632102213906844,0.016155383810359168,0.3324775353016688,0.3364114456085138,0.6915400223611744,0.6918298894364155,0.30254974063959206,0.3063176653290411,0.6888883355017731,0.6891173627077264,22.392156862745097,1142.0,51.0,0.0,"[999, 2889, 3389, 4426, 6799, 7691, 10435, 10935, 11938, 12438, 13079, 13579, 14079, 14579, 16987, 17487, 18748, 19248, 20099, 20876, 23339, 23839]"
1669820155,0.05,0.01,3,1000,0.024153617718568648,0.023922907189295028,0.3324775353016688,0.3364114456085138,0.6706281833616299,0.6713321462586442,0.30254974063959206,0.3063176653290411,0.6689033613905568,0.6695881673641537,1.8940450643776825,1765.25,932.0,0.0,"[2096, 3947, 4947, 8447, 10949, 11949, 12949, 13960, 14960, 19242, 20242, 21242, 22279, 23279]"
1669820424,0.01,0.1,2,100,0.006726756571470639,0.006774300906563112,0.3324775353016688,0.3364114456085138,0.6957223901610833,0.7022236945629219,0.30254974063959206,0.3063176653290411,0.6944945390964277,0.7009951920609857,64.97527472527473,454.8269230769231,7.0,0.0,"[292, 805, 1523, 2246, 2897, 3151, 3314, 3640, 3815, 4204, 4323, 4905, 5165, 5634, 6038, 6927, 10561, 10898, 11823, 11923, 12228, 13835, 13935, 14035, 14135, 15268, 15368, 15998, 16221, 16544, 16723, 17029, 17309, 17567, 17927, 18335, 19598, 19800, 20012, 20589, 21102, 21220, 21512, 21746, 21931, 22073, 22213, 22787, 23071, 23329, 23429, 23601, 23772, 23943]"
1669820777,0.01,0.1,2,250,0.01093463936645849,0.01093965870975271,0.3324775353016688,0.3364114456085138,0.693320634394799,0.6974201830303532,0.30254974063959206,0.3063176653290411,0.6910611604243307,0.6953703428281547,4.860703812316715,748.5483870967741,154.0,0.0,"[657, 1027, 3330, 3622, 4793, 5051, 5323, 6609, 6961, 7237, 7580, 9364, 9920, 10336, 10594, 11147, 11704, 11954, 12204, 13932, 14182, 14441, 14983, 15349, 18189, 18439, 19316, 20728, 22848, 23098, 23362, 23612, 23862]"
1669821072,0.01,0.1,2,500,0.01651453574928667,0.01644157600925997,0.3324775353016688,0.3364114456085138,0.6792827860366889,0.6816845418029732,0.30254974063959206,0.3063176653290411,0.6768252649297221,0.6791163299195363,2.3919028340080972,1088.3157894736842,455.0,0.0,"[3314, 3814, 5327, 5936, 8284, 9801, 10311, 10811, 11398, 11898, 12398, 12921, 13454, 13983, 14483, 16401, 16968, 21789, 22992, 23492, 23992]"
1669821506,0.01,0.1,2,1000,0.03063556179627239,0.03031557866126585,0.3324775353016688,0.3364114456085138,0.6694687150606651,0.6698828108824382,0.30254974063959206,0.3063176653290411,0.6678851233597164,0.6683033213839069,50.98024691358025,2294.1111111111113,45.0,0.0,"[3425, 4425, 9388, 10840, 11840, 12840, 14073, 15073, 17528, 23072, 24072]"
1669821924,0.01,0.1,3,100,0.0050306891014580786,0.005087052143866091,0.3324775353016688,0.3364114456085138,0.6946871506066504,0.7026791999668723,0.30254974063959206,0.3063176653290411,0.6939659220076749,0.7018933922008133,6.908163265306122,338.5,49.0,0.0,"[299, 807, 1263, 1563, 1678, 1889, 2280, 2392, 2518, 2781, 3291, 3391, 4610, 5583, 7187, 7293, 7598, 7993, 8317, 9538, 9760, 9911, 10585, 10726, 10889, 11165, 11285, 11795, 11895, 12067, 12286, 12444, 12544, 13201, 13338, 13873, 13977, 14077, 14432, 14532, 14776, 14876, 14980, 15870, 16064, 16278, 16921, 17021, 17244, 17344, 18248, 19573, 19784, 20106, 20282, 20551, 20721, 21945, 22173, 22273, 22396, 22496, 22641, 22844, 23060, 23181, 23314, 23414, 23530, 23630, 23847, 23994]"
1669822275,0.01,0.1,3,250,0.008431183534009306,0.008463925994335554,0.3324775353016688,0.3364114456085138,0.6950184272640689,0.7003602633649426,0.30254974063959206,0.3063176653290411,0.6932473761812439,0.6985324530436539,5.512429643527204,573.2926829268292,104.0,0.0,"[551, 1831, 2637, 2931, 3282, 3532, 3971, 4442, 4692, 4948, 6179, 6467, 7020, 7437, 7688, 8783, 9754, 10055, 10599, 10925, 11836, 12086, 12336, 12588, 13882, 14132, 14382, 14904, 15441, 15801, 16051, 16651, 18152, 18402, 20305, 20595, 21946, 22805, 23055, 23305, 23555, 23805, 24056]"
1669822612,0.01,0.1,3,500,0.015497986234014554,0.015472780401384882,0.3324775353016688,0.3364114456085138,0.6889312186840035,0.6922853948403661,0.30254974063959206,0.3063176653290411,0.6869790422264973,0.6902938402715798,99.06926406926408,1089.7619047619048,11.0,0.0,"[1065, 1954, 3297, 3797, 7178, 8492, 9377, 9877, 10745, 11245, 11803, 12303, 13221, 14039, 14539, 15039, 16166, 17776, 20161, 21923, 22950, 23450, 23950]"
1669823053,0.01,0.1,3,1000,0.02406192507231888,0.023893328916311237,0.3324775353016688,0.3364114456085138,0.6693444863141331,0.6709180504368711,0.30254974063959206,0.3063176653290411,0.6673104992231483,0.6687655888993042,10.184418145956608,1721.1666666666667,169.0,0.0,"[3409, 4409, 8152, 9697, 10708, 11708, 12708, 14197, 15197, 16493, 20054, 21727, 23063, 24063]"
1669823396,0.01,0.01,2,100,0.020626843639853558,0.020407616440091293,0.3324775353016688,0.3364114456085138,0.6831338771791793,0.6833409250900658,0.30254974063959206,0.3063176653290411,0.6801133221440184,0.6803814088502148,74.93333333333334,1348.8,18.0,0.0,"[3380, 3492, 3592, 6562, 6704, 10578, 11826, 11926, 13898, 14046, 17534, 18089, 18285, 18422, 22792, 23329, 23612]"
1669823686,0.01,0.01,2,250,0.021221192936986797,0.021072605612703486,0.3324775353016688,0.3364114456085138,0.6932378152304444,0.6946457410244731,0.30254974063959206,0.3063176653290411,0.6903187612209228,0.6917198198614111,11.525814536340853,1532.9333333333334,133.0,0.0,"[641, 1037, 3228, 3535, 7321, 10562, 10812, 11873, 12123, 14161, 14411, 16260, 16658, 22054, 22976, 23385, 23635]"
1669823964,0.01,0.01,2,500,0.024402075211632544,0.024153617718568644,0.3324775353016688,0.3364114456085138,0.6741065882645244,0.6745620936684749,0.30254974063959206,0.3063176653290411,0.671911869308755,0.6722712789118218,4.478839441535777,1710.9166666666667,382.0,0.0,"[3380, 4364, 4864, 10123, 10731, 11278, 11942, 12442, 14410, 18191, 20017, 22911, 23411, 23911]"
1669824362,0.01,0.01,2,1000,0.036053942882382985,0.03568585770747351,0.3324775353016688,0.3364114456085138,0.6569630212431157,0.6575841649757754,0.30254974063959206,0.3063176653290411,0.6553751311650641,0.6561050716184719,1.145303898126008,2942.285714285714,2569.0,0.0,"[3467, 4467, 10919, 11919, 12919, 16597, 17599, 23063, 24063]"
1669824673,0.01,0.01,3,100,0.009129220193860551,0.009117540568118232,0.3324775353016688,0.3364114456085138,0.6885171228622303,0.6919955277651249,0.30254974063959206,0.3063176653290411,0.6868704836472129,0.6903505945751903,5.188099389712294,643.3243243243244,124.0,0.0,"[199, 528, 1265, 1560, 3495, 3639, 4240, 4341, 4636, 5802, 6290, 8734, 9180, 9459, 9664, 9783, 10678, 11812, 11912, 12485, 12585, 12957, 13669, 13769, 13901, 14001, 14152, 14611, 15029, 15310, 15776, 20534, 20778, 22929, 23233, 23333, 23433, 23841, 24002]"
1669824942,0.01,0.01,3,250,0.027390845934056836,0.027212466195446854,0.3324775353016688,0.3364114456085138,0.6885585324444077,0.6901735061493229,0.30254974063959206,0.3063176653290411,0.6830245925737147,0.6847466554769178,12.318988703604088,2081.909090909091,169.0,0.0,"[718, 1027, 7336, 10771, 11921, 12171, 12497, 13947, 14197, 19933, 21066, 23369, 23619]"
1669825251,0.01,0.01,3,500,0.026964008702382965,0.02672192191426942,0.3324775353016688,0.3364114456085138,0.6830096484326473,0.6837964304940163,0.30254974063959206,0.3063176653290411,0.6794249908419264,0.6801565744649606,114.37373737373736,2058.7272727272725,18.0,0.0,"[1263, 4658, 6242, 6913, 7691, 10690, 11616, 12116, 12616, 14046, 14546, 23409, 23909]"
1669825680,0.01,0.01,3,1000,0.03658766638600172,0.03626099079326957,0.3324775353016688,0.3364114456085138,0.6617665327756843,0.6627603627479399,0.30254974063959206,0.3063176653290411,0.6610522082692833,0.6621039531055929,4.373168498168498,2728.8571428571427,624.0,0.0,"[4772, 11000, 12503, 13503, 14652, 15653, 20173, 22874, 23874]"
1669826023,0.05,0.1,2,100,0.0021766575247050626,0.0022539023222281325,0.3324775353016688,0.3364114456085138,0.6720361091556586,0.6880202078761025,0.30254974063959206,0.3063176653290411,0.6719508209089353,0.687812542031327,25.831168831168828,154.98701298701297,6.0,0.0,"[214, 359, 509, 609, 709, 948, 1455, 1612, 1712, 1887, 1987, 2087, 2391, 2491, 2620, 2720, 2824, 2924, 3042, 3147, 3247, 3347, 3472, 3610, 3789, 3902, 4016, 4232, 4332, 4432, 4535, 4635, 4757, 4857, 4957, 5097, 5197, 5345, 5529, 5876, 5982, 6087, 6187, 6333, 6433, 6534, 6634, 6782, 6883, 7014, 7114, 7214, 7314, 7632, 7747, 8002, 8102, 8366, 8540, 8864, 9316, 9550, 9673, 9773, 9873, 10024, 10141, 10241, 10543, 10703, 10803, 10929, 11151, 11251, 11351, 11632, 11738, 11838, 11938, 12038, 12138, 12245, 12420, 12520, 12673, 12773, 12873, 12973, 13073, 13291, 13391, 13625, 13734, 13834, 13934, 14034, 14139, 14604, 14704, 14808, 14908, 15251, 15372, 15516, 15616, 15729, 15952, 16192, 16292, 16820, 17058, 17175, 17317, 17441, 17589, 17798, 18087, 18190, 18290, 18409, 18509, 18729, 19227, 19335, 19435, 19573, 19762, 20103, 20203, 20358, 20459, 20595, 20792, 20933, 21033, 21315, 21437, 21537, 21649, 21749, 21849, 21953, 22074, 22174, 22274, 22380, 22480, 22625, 22782, 23075, 23175, 23275, 23375, 23806, 23981, 24082]"
1669826226,0.05,0.1,2,250,0.005365940186021732,0.0054104400355257124,0.3324775353016688,0.3364114456085138,0.6919955277651249,0.6989109279887366,0.30254974063959206,0.3063176653290411,0.6914877671474787,0.6983095262685083,6.8020319303338175,360.5076923076923,53.0,0.0,"[499, 749, 1029, 1368, 1618, 1868, 2226, 2522, 2822, 3268, 3518, 4201, 4451, 4701, 4951, 5201, 5459, 5709, 6034, 6553, 6810, 7284, 7588, 9102, 9887, 10359, 10609, 10860, 11125, 11541, 11791, 12041, 12291, 12577, 13143, 13461, 13831, 14081, 14331, 14985, 15249, 15524, 15807, 16165, 16415, 16797, 17047, 17702, 18437, 18772, 19528, 20059, 20309, 20559, 20809, 21059, 21309, 21564, 21814, 22064, 22345, 22644, 22894, 23182, 23432, 23682, 23932]"
1669826426,0.05,0.1,2,500,0.011724433033804023,0.011736855908457217,0.3324775353016688,0.3364114456085138,0.6842105263157895,0.6885171228622303,0.30254974063959206,0.3063176653290411,0.6818179047630751,0.6861755748434195,17.953733766233764,789.9642857142857,44.0,0.0,"[1778, 3169, 3669, 4512, 5012, 5783, 7065, 7565, 8100, 8751, 10557, 11057, 11816, 12316, 13572, 14072, 14572, 15094, 15601, 16101, 16871, 17939, 19497, 19997, 20587, 21791, 22397, 22897, 23397, 23897]"
1669826721,0.05,0.1,2,1000,0.022747663809405495,0.022303200960702305,0.3324775353016688,0.3364114456085138,0.6736924924427512,0.6709594600190484,0.30254974063959206,0.3063176653290411,0.6715367583436481,0.6692371916702666,1.822201236263736,1632.6923076923076,896.0,0.0,"[1999, 3331, 4331, 5384, 9470, 10732, 11732, 12732, 13924, 14924, 16951, 17951, 19601, 22224, 23224]"
1669826994,0.05,0.1,3,100,0.0017637824708145486,0.0018392940618437716,0.3324775353016688,0.3364114456085138,0.6623048573439894,0.6803594351732991,0.30254974063959206,0.3063176653290411,0.6621492881360342,0.680344747057922,18.38146718146718,128.67027027027027,7.0,0.0,"[280, 505, 605, 705, 986, 1130, 1230, 1351, 1451, 1551, 1666, 1766, 1866, 1967, 2096, 2198, 2302, 2402, 2502, 2766, 2866, 2993, 3104, 3289, 3389, 3489, 3589, 3690, 3790, 3962, 4069, 4169, 4269, 4369, 4481, 4581, 4681, 4791, 4891, 5011, 5111, 5271, 5371, 5555, 5689, 5847, 5947, 6047, 6147, 6339, 6439, 6540, 6640, 6740, 7108, 7208, 7308, 7468, 7568, 7948, 8048, 8148, 8320, 8473, 8573, 8689, 8834, 9031, 9131, 9269, 9567, 9667, 9791, 9911, 10021, 10144, 10244, 10345, 10455, 10555, 10679, 10779, 10879, 10989, 11089, 11235, 11365, 11465, 11565, 11677, 11777, 11877, 12011, 12111, 12255, 12355, 12455, 12555, 12799, 12899, 12999, 13175, 13285, 13385, 13625, 13726, 13835, 13935, 14035, 14135, 14235, 14335, 14469, 14569, 14669, 14769, 14970, 15079, 15199, 15299, 15399, 15499, 15881, 15997, 16097, 16197, 16297, 16401, 16548, 16648, 16748, 16848, 17030, 17144, 17281, 17381, 17554, 17672, 17772, 18032, 18132, 18232, 18355, 18460, 18925, 19147, 19247, 19347, 19447, 19561, 19696, 19896, 19996, 20355, 20471, 20583, 20864, 20964, 21064, 21164, 21277, 21377, 21512, 21617, 21717, 21817, 21939, 22039, 22157, 22263, 22363, 22463, 22569, 22730, 22830, 22930, 23030, 23155, 23255, 23355, 23455, 23555, 23655, 23755, 23855, 23984, 24084]"
1669827170,0.05,0.1,3,250,0.004681971719944307,0.004742203839474947,0.3324775353016688,0.3364114456085138,0.6929893577373805,0.7015611412480848,0.30254974063959206,0.3063176653290411,0.6926124727830648,0.7011893737498496,4.485714285714286,314.0,70.0,0.0,"[499, 749, 1037, 1287, 1580, 1875, 2149, 2462, 2712, 2962, 3222, 3472, 4226, 4476, 4817, 5067, 5317, 5567, 6082, 6367, 6617, 6867, 7422, 7747, 8326, 9194, 9634, 9889, 10498, 10748, 10998, 11248, 11498, 11748, 11998, 12339, 12589, 12839, 13166, 13848, 14098, 14348, 14939, 15189, 15439, 15689, 15939, 16189, 16498, 16776, 17026, 17393, 17688, 17948, 18198, 18448, 18714, 18975, 19225, 19498, 19748, 19998, 20249, 20499, 20911, 21186, 21436, 21686, 22049, 22299, 22549, 22799, 23049, 23299, 23549, 23799, 24049]"
1669827342,0.05,0.1,3,500,0.009039711789308047,0.009074909934158763,0.3324775353016688,0.3364114456085138,0.6940660068739907,0.6994078429748644,0.30254974063959206,0.3063176653290411,0.6923003554857597,0.6976244367444626,1.3777160791887977,600.6842105263158,436.0,0.0,"[999, 1499, 1999, 2499, 2999, 3499, 3999, 4558, 5226, 5726, 6226, 6726, 7294, 7795, 8385, 8989, 9638, 10138, 10638, 11138, 11668, 12168, 12668, 13464, 13964, 14464, 15050, 15550, 16173, 16865, 18084, 18799, 19796, 20310, 20810, 21702, 22202, 22825, 23325, 23825]"
1669827533,0.05,0.1,3,1000,0.01634692553571182,0.016281853335147468,0.3324775353016688,0.3364114456085138,0.675762971551617,0.6783303656466106,0.30254974063959206,0.3063176653290411,0.6725872660679707,0.6749924575968609,4.905998621006665,1123.4736842105262,229.0,0.0,"[1999, 3386, 4386, 5392, 7028, 8222, 9222, 10257, 11257, 12257, 13257, 14257, 15257, 16258, 17338, 18338, 19338, 20338, 21338, 22345, 23345]"
1669827671,0.05,0.01,2,100,0.0065098988434225576,0.006545839235500981,0.3324775353016688,0.3364114456085138,0.6775021740030643,0.6833409250900658,0.30254974063959206,0.3063176653290411,0.6760273636413981,0.6819068542073751,7.000603318250377,455.03921568627453,65.0,0.0,"[583, 697, 1279, 1379, 3578, 3684, 3813, 4021, 5562, 5727, 5931, 6467, 6572, 6672, 7956, 8058, 8693, 10511, 10611, 10748, 10848, 11096, 11289, 11552, 11806, 11906, 13893, 13993, 14093, 14195, 14356, 14899, 15096, 15205, 15305, 15409, 15809, 16674, 17304, 18074, 18190, 18290, 18432, 18551, 18686, 19234, 19361, 19497, 19724, 19825, 19988, 23332, 23790]"
1669827902,0.05,0.01,2,250,0.009636445663000101,0.009652791550701673,0.3324775353016688,0.3364114456085138,0.6986624704956726,0.7032175245351774,0.30254974063959206,0.3063176653290411,0.6972985480451405,0.7019910520512314,4.517533490937746,636.9722222222222,141.0,0.0,"[570, 1027, 2208, 2642, 3219, 3469, 4137, 4471, 5060, 5310, 5640, 6489, 6742, 8383, 8783, 10342, 10628, 11183, 11454, 11795, 12045, 13919, 14169, 14419, 16252, 16644, 17077, 17327, 18203, 18453, 18801, 19464, 19821, 20071, 22032, 22912, 23251, 23501]"
1669828095,0.05,0.01,2,500,0.01682412167318375,0.016780740206140846,0.3324775353016688,0.3364114456085138,0.6857840904385275,0.6888069899374716,0.30254974063959206,0.3063176653290411,0.6830894902538337,0.6864660224449999,2.4808245997926983,1133.7368421052631,457.0,0.0,"[2407, 2907, 3407, 4023, 4695, 6492, 6992, 7492, 8383, 8883, 10609, 11109, 11870, 12370, 13485, 13985, 14485, 15998, 22948, 23448, 23948]"
1669828420,0.05,0.01,2,1000,0.030488746004916446,0.030221465974499227,0.3324775353016688,0.3364114456085138,0.6678537413557497,0.6688475713280053,0.30254974063959206,0.3063176653290411,0.6656568815510973,0.6665313193459642,3.486868686868687,2301.3333333333335,660.0,0.0,"[3351, 4351, 10688, 11688, 12688, 13688, 14688, 15688, 17218, 23063, 24063]"
1669828717,0.05,0.01,3,100,0.004079557802779011,0.004130486829135021,0.3324775353016688,0.3364114456085138,0.6873990641434428,0.6957637997432606,0.30254974063959206,0.3063176653290411,0.6855481435482188,0.6939783515680014,1.7222663298448215,280.7294117647059,163.0,0.0,"[199, 419, 557, 894, 2584, 2808, 2908, 3078, 3295, 3440, 3592, 4215, 4315, 4452, 5088, 5189, 5922, 6022, 6416, 6602, 6702, 6802, 6979, 7079, 7179, 7777, 8140, 8322, 8447, 8713, 8813, 8932, 9457, 9564, 9735, 10213, 10540, 10679, 10853, 11149, 11608, 11862, 11984, 12246, 12513, 12640, 13019, 13223, 13325, 13458, 13630, 13829, 13929, 14191, 14353, 14584, 14778, 15083, 15505, 15698, 15798, 16545, 16645, 17009, 17331, 18112, 18326, 18516, 18616, 18903, 19003, 19103, 19323, 19423, 19527, 19747, 20449, 20549, 20757, 21175, 21352, 22806, 23191, 23383, 23592, 23960, 24061]"
1669828928,0.05,0.01,3,250,0.008694040372370739,0.008738407781846433,0.3324775353016688,0.3364114456085138,0.6976272309412398,0.703424572446064,0.30254974063959206,0.3063176653290411,0.695915285429416,0.7018940860549566,3.6802884615384617,574.125,156.0,0.0,"[680, 930, 1257, 1548, 2399, 2649, 3131, 3602, 4268, 4929, 5296, 5608, 6579, 7131, 7381, 7907, 8157, 8765, 10558, 10808, 11739, 11989, 12344, 12974, 13510, 13934, 14184, 14762, 15164, 17010, 17260, 17608, 18215, 18465, 19092, 19934, 20283, 20533, 21612, 22877, 23395, 23645]"
1669829119,0.05,0.01,3,500,0.013284807437774436,0.01326180211434259,0.3324775353016688,0.3364114456085138,0.6911673361215785,0.6944801026957638,0.30254974063959206,0.3063176653290411,0.6893784392410361,0.692740957732346,5.063646408839779,916.52,181.0,0.0,"[999, 2875, 3375, 4667, 5359, 6902, 7641, 8141, 8731, 9231, 10628, 11128, 11947, 12447, 13004, 13709, 14209, 14709, 16619, 17325, 18085, 18714, 20092, 20764, 22912, 23412, 23912]"
1669829425,0.05,0.01,3,1000,0.02278355211395917,0.0226565627286154,0.3324775353016688,0.3364114456085138,0.6742308170110564,0.6762598865377448,0.30254974063959206,0.3063176653290411,0.6734338831384538,0.6755248274245415,7.810733452593918,1679.3076923076924,215.0,0.0,"[2096, 3840, 4840, 8167, 9479, 10786, 11786, 12786, 14243, 15243, 17738, 18738, 19767, 22927, 23927]"
1669829665,0.01,0.1,2,100,0.007323580390788144,0.0073886525913524955,0.3324775353016688,0.3364114456085138,0.6913329744502879,0.6984554225847861,0.30254974063959206,0.3063176653290411,0.6905356021513344,0.6978489685439033,4.215780141843972,505.8936170212766,120.0,0.0,"[292, 805, 1523, 2246, 2897, 3151, 3314, 3640, 3815, 4204, 4323, 4905, 5165, 5634, 5990, 6366, 7869, 8168, 8693, 10539, 11335, 11804, 11904, 13639, 13820, 13920, 14020, 14148, 15400, 15788, 16069, 16250, 17011, 17189, 17374, 20529, 20671, 21505, 21606, 21754, 22065, 22290, 22428, 22528, 22891, 23317, 23417, 23646, 24069]"
1669829943,0.01,0.1,2,250,0.010784760299415637,0.010759183792776707,0.3324775353016688,0.3364114456085138,0.6991593854818005,0.7022236945629219,0.30254974063959206,0.3063176653290411,0.6962398371861184,0.6994042273898776,3.310359589041096,724.96875,219.0,0.0,"[657, 1027, 3330, 3622, 4793, 5051, 5323, 6609, 6961, 7237, 7580, 9363, 9919, 10384, 10634, 11856, 12106, 12773, 13245, 13747, 13997, 14247, 17203, 19991, 20322, 20572, 20822, 21645, 22407, 22672, 22922, 23338, 23588, 23856]"
1669830217,0.01,0.1,2,500,0.020634151213178967,0.0204953073199962,0.3324775353016688,0.3364114456085138,0.6832581059257112,0.6848316700484492,0.30254974063959206,0.3063176653290411,0.6814893556196555,0.6830001220642652,2.941075268817204,1367.6,465.0,0.0,"[3315, 3815, 5332, 5834, 7705, 9444, 10721, 11221, 11884, 12384, 13993, 14493, 16398, 16983, 22829, 23329, 23829]"
1669830662,0.01,0.1,2,1000,0.03086143224451229,0.03010853075037927,0.3324775353016688,0.3364114456085138,0.671953289991304,0.6676052838626858,0.30254974063959206,0.3063176653290411,0.669572600810573,0.665682849728572,146.84444444444443,2202.6666666666665,15.0,0.0,"[3425, 4425, 9419, 10838, 11838, 12838, 14043, 15043, 17055, 21795, 23249]"
1669830988,0.01,0.1,3,100,0.004756653321157463,0.004844376251822566,0.3324775353016688,0.3364114456085138,0.693983187709636,0.7045840407470289,0.30254974063959206,0.3063176653290411,0.6933146146925938,0.7038668578037685,10.363993025283348,321.2837837837838,31.0,0.0,"[299, 807, 1263, 1563, 1678, 1851, 2044, 2289, 2389, 2508, 2779, 3027, 3271, 3372, 4624, 4816, 5667, 6321, 6458, 6953, 7305, 7946, 8046, 8250, 8429, 8655, 9793, 10532, 10805, 10905, 11301, 11820, 11920, 12211, 12355, 12585, 12959, 13059, 13159, 13747, 13859, 13959, 14059, 14314, 14470, 14571, 14671, 14771, 14895, 16039, 16299, 16898, 17411, 18389, 18863, 18992, 19337, 19437, 19685, 19785, 20085, 20239, 20360, 20679, 22046, 22324, 22428, 22528, 22649, 22786, 22911, 23348, 23450, 23550, 23659, 24074]"
1669831293,0.01,0.1,3,250,0.010083233260176405,0.010082082994004813,0.3324775353016688,0.3364114456085138,0.6954739326680194,0.6993664333926871,0.30254974063959206,0.3063176653290411,0.6925742768260957,0.6964225219668375,6.472807991120977,686.1176470588235,106.0,0.0,"[536, 2100, 2379, 2629, 3044, 3303, 3553, 3908, 4413, 4663, 4948, 6179, 6467, 7023, 7284, 9974, 10632, 11112, 11619, 11869, 12119, 13884, 14134, 14419, 18092, 18731, 19918, 20168, 20446, 20761, 21052, 22165, 22877, 23364, 23614, 23864]"
1669831610,0.01,0.1,3,500,0.0144353803470123,0.014387345231686612,0.3324775353016688,0.3364114456085138,0.6933620439769763,0.6960950764006791,0.30254974063959206,0.3063176653290411,0.6913737565719917,0.6941606458937062,2.914705882352941,991.0,340.0,0.0,"[1069, 2711, 3319, 3819, 4865, 6744, 7448, 7966, 8718, 9925, 10657, 11157, 11803, 12303, 13868, 14368, 14868, 15981, 17152, 19767, 21713, 22359, 22862, 23362, 23862]"
1669831991,0.01,0.1,3,1000,0.022305961599514132,0.022112716882686654,0.3324775353016688,0.3364114456085138,0.6670669592943808,0.6681021988488136,0.30254974063959206,0.3063176653290411,0.6642474026486574,0.6652074446578928,4.733642793987622,1647.3076923076924,348.0,0.0,"[2003, 3405, 4405, 9350, 10376, 11376, 12376, 13376, 14376, 15376, 16376, 17922, 19882, 22418, 23418]"
1669832263,0.01,0.01,2,100,0.020626843639853558,0.020407616440091293,0.3324775353016688,0.3364114456085138,0.6831338771791793,0.6833409250900658,0.30254974063959206,0.3063176653290411,0.6801133221440184,0.6803814088502148,74.93333333333334,1348.8,18.0,0.0,"[3380, 3492, 3592, 6562, 6704, 10578, 11826, 11926, 13898, 14046, 17534, 18089, 18285, 18422, 22792, 23329, 23612]"
1669832509,0.01,0.01,2,250,0.023760818253343825,0.02357585545295181,0.3324775353016688,0.3364114456085138,0.6888898091018262,0.690049277402791,0.30254974063959206,0.3063176653290411,0.6872732503903171,0.6884646801441607,10.71002331002331,1767.1538461538462,165.0,0.0,"[641, 1037, 3219, 3633, 10624, 11273, 11755, 12005, 13943, 14193, 19914, 22051, 22981, 23364, 23614]"
1669832747,0.01,0.01,2,500,0.02454109309465639,0.02431925604727791,0.3324775353016688,0.3364114456085138,0.6760528386268583,0.6768810302704046,0.30254974063959206,0.3063176653290411,0.6733135420355296,0.6739832902221957,4.49847294938918,1718.4166666666667,382.0,0.0,"[3380, 4364, 4864, 10123, 10731, 11278, 11942, 12442, 14410, 20159, 21986, 23001, 23501, 24001]"
1669833145,0.01,0.01,2,1000,0.036141363111423984,0.03573646941902356,0.3324775353016688,0.3364114456085138,0.6577498033044846,0.6580396703797259,0.30254974063959206,0.3063176653290411,0.6561435685821319,0.6564772000506156,1.1453595062003004,2942.4285714285716,2569.0,0.0,"[3467, 4467, 10919, 11919, 12919, 16597, 17608, 23064, 24064]"
1669833461,0.01,0.01,3,100,0.013200454585191014,0.01315137656186975,0.3324775353016688,0.3364114456085138,0.6888898091018262,0.691498612778997,0.30254974063959206,0.3063176653290411,0.6874026374056418,0.6900147128372899,14.426060606060606,952.12,66.0,0.0,"[199, 528, 1265, 1560, 3495, 3639, 4240, 4341, 4615, 5809, 6958, 9198, 11095, 11602, 11882, 13487, 13794, 13894, 13994, 14094, 14195, 22929, 23233, 23333, 23433, 23841, 24002]"
1669833717,0.01,0.01,3,250,0.023857440611757562,0.02371664803235469,0.3324775353016688,0.3364114456085138,0.6903391444780322,0.6921611660938342,0.30254974063959206,0.3063176653290411,0.6872458608631821,0.6891504454081169,10.48580586080586,1761.6153846153845,168.0,0.0,"[718, 1027, 3259, 4528, 8790, 10562, 10829, 11772, 12022, 13946, 14196, 19934, 21066, 23369, 23619]"
1669833983,0.01,0.01,3,500,0.034535591535881406,0.03416704625450329,0.3324775353016688,0.3364114456085138,0.6778334506604828,0.6780819081535467,0.30254974063959206,0.3063176653290411,0.6759637528231656,0.6761524987237539,21.279580152671755,2787.625,131.0,0.0,"[1277, 4362, 10631, 11131, 12013, 12513, 14159, 14659, 23078, 23578]"
1669834419,0.01,0.01,3,1000,0.036371416345742404,0.03602633649426477,0.3324775353016688,0.3364114456085138,0.6598202824133504,0.6606484740568968,0.30254974063959206,0.3063176653290411,0.6593150821934363,0.6602099126853247,3.7655172413793103,2730.0,725.0,0.0,"[4772, 11000, 12452, 13452, 14753, 15820, 20220, 22882, 23882]"
