seed,n_reference_samples,recent_samples_proportion,threshold,lpd (ht),lpd (nb),acc (ht-no dd),acc (nb-no dd),acc (ht-dd),acc (nb-dd),f1 (ht-no dd),f1 (nb-no dd),f1 (ht-dd),f1 (nb-dd),mtr,mtfa,mtd,mdr,drifts
1663010187,50,0.1,0.6,0.0009797951809807181,0.0010709518451025943,0.3324775353016688,0.3364114456085138,0.6244564992339228,0.655555095449087,0.30254974063959206,0.3063176653290411,0.6252333895006387,0.6559731582255184,2.390401430842607,81.27364864864865,34.0,0.0,"[61, 118, 199, 256, 367, 430, 481, 562, 643, 694, 751, 826, 877, 946, 1033, 1108, 1183, 1234, 1339, 1414, 1507, 1558, 1669, 1720, 1819, 1918, 1987, 2068, 2131, 2206, 2323, 2386, 2449, 2530, 2593, 2650, 2755, 2812, 2887, 2956, 3019, 3112, 3181, 3268, 3325, 3376, 3445, 3496, 3619, 3676, 3787, 3850, 3901, 3958, 4153, 4210, 4273, 4348, 4423, 4540, 4591, 4642, 4741, 4792, 4843, 4900, 4981, 5038, 5101, 5200, 5251, 5302, 5389, 5446, 5509, 5560, 5617, 5746, 5797, 5854, 6013, 6064, 6163, 6232, 6331, 6454, 6571, 6634, 6685, 6748, 6847, 6904, 6973, 7054, 7159, 7264, 7321, 7402, 7459, 7522, 7603, 7654, 7753, 7810, 7927, 8002, 8083, 8140, 8227, 8284, 8359, 8422, 8479, 8548, 8605, 8662, 8839, 8932, 9007, 9064, 9133, 9226, 9283, 9388, 9481, 9538, 9667, 9742, 9853, 9934, 10063, 10180, 10267, 10390, 10441, 10606, 10687, 10768, 10879, 10948, 10999, 11080, 11161, 11260, 11317, 11386, 11467, 11548, 11599, 11728, 11779, 11926, 11977, 12034, 12091, 12148, 12217, 12280, 12331, 12382, 12481, 12616, 12667, 12724, 12793, 12904, 12961, 13012, 13087, 13162, 13303, 13408, 13465, 13534, 13597, 13684, 13741, 13810, 13897, 13954, 14005, 14062, 14113, 14188, 14299, 14392, 14443, 14494, 14557, 14662, 14725, 14818, 14887, 14980, 15031, 15202, 15301, 15370, 15463, 15514, 15643, 15694, 15763, 15928, 16009, 16060, 16111, 16162, 16261, 16354, 16513, 16570, 16651, 16732, 16801, 16900, 17023, 17080, 17149, 17242, 17323, 17404, 17581, 17662, 17737, 17830, 17887, 17956, 18055, 18154, 18205, 18304, 18385, 18508, 18595, 18646, 18697, 18772, 18835, 18922, 18973, 19054, 19147, 19198, 19309, 19390, 19471, 19594, 19675, 19774, 19939, 20206, 20269, 20326, 20443, 20578, 20653, 20704, 20773, 20872, 20953, 21016, 21073, 21166, 21271, 21358, 21409, 21496, 21547, 21652, 21799, 21874, 21931, 22066, 22117, 22246, 22303, 22366, 22453, 22510, 22645, 22702, 22765, 22870, 22957, 23038, 23089, 23206, 23377, 23428, 23497, 23578, 23641, 23722, 23797, 23908, 23971, 24118]"
1663010237,50,0.1,0.7,0.0024084160487324183,0.002489787325598332,0.3324775353016688,0.3364114456085138,0.6768810302704046,0.6924510331690753,0.30254974063959206,0.3063176653290411,0.6766261706501373,0.6923368210040856,3.226677577741408,167.7872340425532,52.0,0.0,"[61, 196, 367, 430, 541, 610, 709, 826, 949, 1012, 1099, 1234, 1357, 1414, 1525, 1666, 1729, 1846, 1933, 2014, 2113, 2212, 2323, 2416, 2467, 2530, 2755, 2836, 3043, 3328, 3475, 3586, 3979, 4276, 4675, 4726, 4891, 5038, 5101, 5212, 5287, 5566, 5635, 6064, 6307, 6568, 6649, 6706, 6889, 6994, 7051, 7156, 7651, 7720, 7981, 8176, 8239, 8680, 8953, 9064, 9133, 9232, 9511, 9592, 9667, 9742, 9949, 10198, 10255, 10312, 10387, 10828, 10879, 10996, 11089, 11386, 11545, 11620, 11779, 12310, 12511, 12724, 12793, 12904, 13015, 13162, 13405, 13786, 13861, 13960, 14023, 14080, 14533, 14662, 14863, 15202, 15601, 15868, 16111, 16252, 16339, 16660, 16759, 16822, 17047, 17176, 17437, 17746, 17833, 17890, 18133, 18328, 18835, 18964, 19147, 19318, 19417, 19510, 19591, 19774, 20299, 20482, 20677, 20872, 20953, 21082, 21433, 21586, 21697, 21880, 21931, 22246, 22375, 22510, 22651, 22750, 22819, 22954, 23119, 23428, 23539, 23614, 23719]"
1663010293,50,0.1,0.8,0.010654284756331327,0.010619554139021319,0.3324775353016688,0.3364114456085138,0.6627603627479399,0.6656176239181747,0.30254974063959206,0.3063176653290411,0.6611740556121728,0.6637375787574353,3.791814373187238,811.448275862069,214.0,0.0,"[85, 196, 565, 2014, 3121, 4678, 4981, 5050, 5635, 6982, 7183, 7282, 8371, 8950, 9175, 9700, 9787, 13786, 13957, 14242, 14863, 16252, 17173, 17242, 18835, 18970, 19201, 19774, 20953, 21082, 23617]"
1663010357,50,0.5,0.6,0.003012547103399727,0.0030946523094409566,0.3324775353016688,0.3364114456085138,0.6819329992960371,0.6953911135036648,0.30254974063959206,0.3063176653290411,0.6803295381987445,0.6938445771321843,5.619013750592698,207.90350877192984,37.0,0.0,"[413, 932, 983, 1138, 1371, 1526, 1603, 1836, 2225, 2718, 2769, 3184, 3261, 3338, 3675, 4272, 4479, 4608, 4659, 5230, 5359, 5800, 5903, 6084, 6187, 6628, 6809, 6860, 6963, 7326, 7403, 7506, 7583, 7634, 7737, 7918, 7969, 8020, 8149, 8200, 8355, 8640, 8717, 8924, 9027, 9182, 9493, 10090, 10167, 10504, 10633, 10788, 10865, 10942, 11201, 11538, 11797, 11848, 11977, 12028, 12105, 12494, 12753, 12830, 12907, 12958, 13061, 13112, 13371, 13422, 13707, 13810, 13861, 13912, 13963, 14014, 14065, 14220, 14349, 14452, 14503, 14970, 15827, 15982, 16033, 16760, 16837, 16992, 17043, 17250, 17353, 17664, 17793, 17870, 18519, 18986, 19037, 19218, 19269, 20230, 20307, 20462, 20721, 21578, 21733, 22226, 22277, 22588, 22639, 22846, 23105, 23286, 23571, 23856, 24063, 24114]"
1663010406,50,0.5,0.7,0.02358413736938728,0.02338537137493616,0.3324775353016688,0.3364114456085138,0.686239595842478,0.6871920162325562,0.30254974063959206,0.3063176653290411,0.681738061653194,0.6828022878335624,0.644179350061703,1806.923076923077,2805.0,0.0,"[75, 256, 2881, 8834, 9769, 10496, 11795, 13666, 13821, 13872, 13949, 14026, 16833, 23306, 23565]"
1663010458,50,0.5,0.8,0.10453158860960428,0.10322028517398928,0.3324775353016688,0.3364114456085138,0.6460723011304816,0.6460723011304816,0.30254974063959206,0.3063176653290411,0.6398994310535685,0.6399080677796415,0.008085687283419,77.0,9523.0,0.0,"[13907, 13984, 23551]"
1663010512,50,1.0,0.6,0.005765950369947865,0.005806692055638448,0.3324775353016688,0.3364114456085138,0.6899664582384364,0.6964263530580976,0.30254974063959206,0.3063176653290411,0.6886385888234737,0.695217575936233,0.2370679380214541,397.8,1678.0,0.0,"[100, 1018, 1069, 1273, 1375, 2497, 2701, 2905, 4129, 4639, 4945, 5353, 5455, 6781, 7240, 7342, 7699, 8719, 9127, 9790, 10147, 10198, 10504, 10759, 10810, 10861, 11830, 11932, 11983, 12034, 12085, 12136, 12187, 12493, 12952, 13156, 13717, 13819, 13870, 13921, 13972, 14023, 15706, 16369, 16879, 17083, 17236, 17287, 17491, 17746, 17848, 17950, 18409, 21673, 21877, 22081, 22744, 22795, 23203, 23713, 23866, 23968]"
1663010560,50,1.0,0.7,0.04138370118845501,0.04089196240009938,0.3324775353016688,0.3364114456085138,0.6635471448093089,0.6635471448093089,0.30254974063959206,0.3063176653290411,0.6567873431317628,0.6568255606499714,0.0751320469979519,697.0,9277.0,0.0,"[9790, 11830, 12493, 13819, 13870, 13921, 13972, 23305]"
1663010611,50,1.0,0.8,0.16329868731624497,0.1612075034162905,0.3324775353016688,0.3364114456085138,0.6590749099341587,0.6588264524410948,0.30254974063959206,0.3063176653290411,0.651972676873084,0.6517621920989208,,2091.0,,1.0,"[11830, 13921]"
1663010662,125,0.1,0.6,0.0026968397967604666,0.002781289259626016,0.3324775353016688,0.3364114456085138,0.6749761894902481,0.6896351815810179,0.30254974063959206,0.3063176653290411,0.6743296895891925,0.6888751781246948,2.357530864197531,190.96,81.0,0.0,"[249, 389, 515, 767, 1033, 1299, 1691, 1817, 2013, 2307, 2559, 2713, 3021, 3147, 3287, 3483, 3651, 3791, 3917, 4057, 4379, 4547, 4799, 5023, 5233, 5373, 5639, 5835, 5975, 6101, 6339, 6465, 6619, 6843, 6983, 7235, 7557, 7725, 7921, 8103, 8229, 8411, 8705, 8873, 9013, 9181, 9349, 9545, 9671, 9839, 10063, 10301, 10483, 10665, 10805, 10931, 11085, 11225, 11547, 11771, 11939, 12107, 12289, 12569, 12779, 12989, 13213, 13409, 13605, 13731, 13857, 13983, 14109, 14235, 14683, 14865, 15061, 15285, 15453, 15649, 15817, 15999, 16251, 16503, 16643, 16797, 16951, 17091, 17245, 17371, 17609, 17749, 18211, 18337, 18519, 18729, 18855, 19079, 19205, 19359, 19499, 19653, 19779, 19933, 20269, 20451, 20717, 20955, 21081, 21319, 21445, 21585, 21711, 21921, 22117, 22243, 22397, 22551, 22775, 22957, 23097, 23307, 23447, 23643, 23797, 23937, 24119]"
1663010710,125,0.1,0.7,0.009007619363120625,0.009035570831090313,0.3324775353016688,0.3364114456085138,0.6927823098264938,0.6978342788521263,0.30254974063959206,0.3063176653290411,0.6903037603480437,0.695238691537897,7.559454191033137,612.3157894736842,81.0,0.0,"[431, 1733, 2559, 2713, 3021, 3273, 4449, 4799, 5303, 6171, 7053, 7291, 8453, 8957, 9699, 9853, 10161, 10693, 10833, 11785, 12121, 12821, 13409, 13605, 13815, 13941, 14109, 14921, 15061, 16825, 17175, 17301, 18337, 19205, 20451, 21081, 22117, 23125, 23363, 23699]"
1663010763,125,0.1,0.8,0.08111101908981738,0.08007577953538449,0.3324775353016688,0.3364114456085138,0.6569216116609383,0.6567145637500518,0.30254974063959206,0.3063176653290411,0.6513623691512854,0.6511649844090415,,1428.0,,1.0,"[9699, 11799, 13857, 13983]"
1663010819,125,0.5,0.6,0.012928991768695277,0.012866110551314905,0.3324775353016688,0.3364114456085138,0.6815603130564413,0.6837964304940163,0.30254974063959206,0.3063176653290411,0.6764371932934691,0.6787349182400603,11.36876712328767,829.92,73.0,0.0,"[3323, 3897, 5111, 5493, 6643, 6769, 7343, 9197, 9899, 10537, 11815, 11941, 12067, 12385, 12511, 12829, 13723, 13849, 13975, 14101, 14547, 18513, 20303, 20493, 20619, 23369, 24071]"
1663010868,125,0.5,0.7,0.08293304070561927,0.0819392107333637,0.3324775353016688,0.3364114456085138,0.6642096981241459,0.6641682885419686,0.30254974063959206,0.3063176653290411,0.6569402372140906,0.6568893982070242,0.1165111039588027,1086.0,9321.0,0.0,"[11835, 13881, 14007, 23349]"
1663010919,125,0.5,0.8,0.08293304070561927,0.0819392107333637,0.3324775353016688,0.3364114456085138,0.6642096981241459,0.6641682885419686,0.30254974063959206,0.3063176653290411,0.6569402372140906,0.6568893982070242,0.1165111039588027,1086.0,9321.0,0.0,"[11835, 13881, 14007, 23349]"
1663010969,125,1.0,0.6,0.03079367111004032,0.030451100930209796,0.3324775353016688,0.3364114456085138,0.6712079175121123,0.6713735558408216,0.30254974063959206,0.3063176653290411,0.667129956941718,0.6672868693291916,27.146341463414632,2226.0,82.0,0.0,"[3400, 10582, 11842, 11968, 12094, 13858, 13984, 14110, 15496, 21670, 23434]"
1663011018,125,1.0,0.7,0.06864880533355419,0.06782889560644333,0.3324775353016688,0.3364114456085138,0.6757215619694398,0.6755559236407305,0.30254974063959206,0.3063176653290411,0.6670105590670667,0.6668540544614228,52.24390243902439,4284.0,82.0,0.0,"[10582, 11842, 13984, 14110, 23434]"
1663011068,125,1.0,0.8,0.3091225309536627,0.3051472110646403,0.3324775353016688,0.3364114456085138,0.6416000662553315,0.6415586566731541,0.30254974063959206,0.3063176653290411,0.6359107474818315,0.6358873898228874,,,,1.0,[13984]
1663011121,250,0.1,0.6,0.008504739425274436,0.008567839740973202,0.3324775353016688,0.3364114456085138,0.6896765911631951,0.6962607147293883,0.30254974063959206,0.3063176653290411,0.6873842465203639,0.6937474854550943,8.091197183098592,574.475,71.0,0.0,"[587, 838, 1427, 2250, 2657, 3272, 3835, 4320, 4701, 5238, 6113, 7066, 8487, 9076, 9769, 10176, 10505, 10938, 11553, 11804, 12055, 12358, 12817, 13822, 14099, 14350, 15069, 15606, 15883, 16992, 17867, 18118, 18369, 19218, 20639, 20994, 21427, 21808, 22293, 22544, 23315, 23566]"
1663011172,250,0.1,0.7,0.05672422598589314,0.056130688641351616,0.3324775353016688,0.3364114456085138,0.6728228912170277,0.6731955774566235,0.30254974063959206,0.3063176653290411,0.6613249918837965,0.6616048248469972,0.0892895586652314,829.5,9290.0,0.0,"[10519, 11810, 12425, 12832, 13837, 23318]"
1663011224,250,0.1,0.8,0.1100528662332464,0.10867254682733583,0.3324775353016688,0.3364114456085138,0.662636134001408,0.6624290860905213,0.30254974063959206,0.3063176653290411,0.6544843113437008,0.6542764698501617,0.2188804452531307,2045.0,9343.0,0.0,"[11819, 13864, 23371]"
1663011278,250,0.5,0.6,0.04850836769342711,0.047975958779718775,0.3324775353016688,0.3364114456085138,0.6720361091556586,0.6722431570665452,0.30254974063959206,0.3063176653290411,0.668111219859663,0.6683269850562356,53.0025974025974,4081.2,77.0,0.0,"[3399, 10580, 11839, 13854, 14105, 23428, 23805]"
1663011328,250,0.5,0.7,0.08524162491200465,0.08424779493974906,0.3324775353016688,0.3364114456085138,0.6734440349496874,0.67340262536751,0.30254974063959206,0.3063176653290411,0.6645611893974934,0.6645491656684438,0.1808125930653052,1700.0,9402.0,0.0,"[10581, 11840, 13981, 23430]"
1663011377,250,0.5,0.8,0.2764503706157605,0.22323905751790968,0.3324775353016688,0.3364114456085138,0.6089279059174293,0.5596505031264235,0.30254974063959206,0.3063176653290411,0.6023583988104371,0.5462424616441776,,,9405.0,0.0,[23433]
1663011430,250,1.0,0.6,0.055178268251273345,0.05462614048890913,0.3324775353016688,0.3364114456085138,0.6635471448093089,0.6641682885419686,0.30254974063959206,0.3063176653290411,0.6603574956728323,0.6610227457348673,193.07692307692307,5020.0,26.0,0.0,"[3512, 10791, 12046, 14054, 14305, 23592]"
1663011480,250,1.0,0.7,0.08438237608182533,0.08337819371402543,0.3324775353016688,0.3364114456085138,0.6700070396289701,0.6699242204646155,0.30254974063959206,0.3063176653290411,0.6618011878643403,0.6617757142749173,246.17307692307693,6400.5,26.0,0.0,"[10791, 12046, 14054, 23592]"
1663011530,250,1.0,0.8,0.16213921901528017,0.160089444697503,0.3324775353016688,0.3364114456085138,0.6567559733322291,0.6565903350035198,0.30254974063959206,0.3063176653290411,0.6502332041081783,0.6501345751093307,,,26.0,0.0,"[12046, 14054]"
1663011581,500,0.1,0.6,0.03538862892873411,0.03516087622675887,0.3324775353016688,0.3364114456085138,0.6863638245890099,0.6880202078761025,0.30254974063959206,0.3063176653290411,0.6833306612330291,0.6850535996801693,0.4213881568749031,2718.375,6451.0,0.0,"[1621, 3295, 3847, 5623, 10510, 11827, 13858, 20479, 22867, 23368]"
1663011632,500,0.1,0.7,0.07853327259927947,0.07750838544039089,0.3324775353016688,0.3364114456085138,0.6466106256987867,0.6464449873700774,0.30254974063959206,0.3063176653290411,0.6435254328317719,0.6433279282017385,0.5643564356435643,5244.0,9292.0,0.0,"[3355, 11812, 13843, 23320]"
1663011684,500,0.1,0.8,0.10954214805305947,0.10818943503526714,0.3324775353016688,0.3364114456085138,0.6611039794608472,0.6609797507143153,0.30254974063959206,0.3063176653290411,0.6517698147656974,0.6516425649913035,0.2183636168153962,2031.0,9301.0,0.0,"[11821, 13852, 23329]"
1663011736,500,0.5,0.6,0.04785764568778358,0.0473015741556882,0.3324775353016688,0.3364114456085138,0.6674810551161539,0.6675224646983312,0.30254974063959206,0.3063176653290411,0.6650463681260353,0.6651343378831406,187.05454545454543,4115.2,22.0,0.0,"[3511, 10789, 12043, 14050, 23085, 23586, 24087]"
1663011793,500,0.5,0.7,0.06628017723301172,0.06547683133877179,0.3324775353016688,0.3364114456085138,0.6638784214667274,0.6637956023023728,0.30254974063959206,0.3063176653290411,0.6608770857933314,0.660764075085749,304.1818181818182,6692.0,22.0,0.0,"[3511, 10789, 12043, 14050, 23587]"
1663011850,500,0.5,0.8,0.16222203817963476,0.1600480351153257,0.3324775353016688,0.3364114456085138,0.6569216116609383,0.6565075158391652,0.30254974063959206,0.3063176653290411,0.6504817903424344,0.6500933387669472,,,24.0,0.0,"[12045, 14052]"
1663011908,500,1.0,0.6,0.033260176404820076,0.032924758789183814,0.3324775353016688,0.3364114456085138,0.6650792993498695,0.6656590335003519,0.30254974063959206,0.3063176653290411,0.6645158547952502,0.6651073461988325,5.145541082164328,2567.625,499.0,0.0,"[3505, 4006, 11020, 12022, 12523, 14026, 14527, 23044, 23545, 24046]"
1663011961,500,1.0,0.7,0.08302621226551823,0.08207379187543996,0.3324775353016688,0.3364114456085138,0.6645823843637417,0.6647066131102737,0.30254974063959206,0.3063176653290411,0.6569050545445437,0.6570664367306825,12.550100200400802,6262.5,499.0,0.0,"[11020, 12022, 14527, 23545]"
1663012014,500,1.0,0.8,0.0,0.0,0.3324775353016688,0.3364114456085138,0.6046213093709885,0.5360470412853534,0.30254974063959206,0.3063176653290411,0.5985321942687974,0.5234883271440866,,,,1.0,[]
1663012071,50,0.1,0.6,0.000923050015498826,0.0010067952727456021,0.3324775353016688,0.3364114456085138,0.6213921901528013,0.6515383659778873,0.30254974063959206,0.3063176653290411,0.621529072972031,0.6516508548927483,2.086729816633353,77.20900321543408,37.0,0.0,"[85, 136, 199, 256, 313, 364, 427, 544, 607, 658, 709, 778, 847, 982, 1099, 1174, 1231, 1354, 1447, 1510, 1579, 1666, 1723, 1816, 1891, 1942, 1993, 2110, 2161, 2236, 2317, 2386, 2467, 2530, 2593, 2650, 2707, 2764, 2887, 2950, 3013, 3064, 3121, 3202, 3253, 3322, 3373, 3478, 3547, 3634, 3733, 3784, 3847, 3988, 4153, 4210, 4297, 4348, 4441, 4564, 4645, 4726, 4783, 4936, 5011, 5080, 5161, 5212, 5275, 5326, 5473, 5566, 5635, 5746, 5797, 5854, 6001, 6064, 6163, 6328, 6397, 6466, 6571, 6628, 6709, 6772, 6841, 6904, 6973, 7054, 7123, 7174, 7279, 7336, 7399, 7450, 7561, 7618, 7669, 7720, 7819, 7924, 7981, 8038, 8095, 8170, 8227, 8284, 8359, 8422, 8479, 8542, 8593, 8644, 8695, 8782, 8839, 8908, 9013, 9064, 9133, 9232, 9385, 9502, 9583, 9664, 9745, 9802, 9853, 9964, 10135, 10264, 10315, 10390, 10483, 10540, 10651, 10702, 10765, 10828, 10879, 10948, 10999, 11086, 11143, 11260, 11323, 11386, 11449, 11542, 11599, 11650, 11701, 11758, 11827, 11926, 12001, 12058, 12109, 12310, 12403, 12562, 12667, 12724, 12793, 12844, 12943, 13006, 13057, 13162, 13225, 13294, 13345, 13402, 13477, 13534, 13597, 13660, 13711, 13786, 13849, 13906, 13957, 14008, 14065, 14182, 14233, 14284, 14353, 14428, 14497, 14560, 14617, 14704, 14761, 14830, 14887, 14950, 15013, 15076, 15157, 15250, 15427, 15496, 15589, 15640, 15709, 15820, 15877, 15958, 16009, 16060, 16111, 16186, 16333, 16384, 16435, 16540, 16609, 16660, 16735, 16792, 16873, 16942, 16993, 17080, 17143, 17200, 17251, 17338, 17389, 17464, 17581, 17662, 17743, 17830, 17887, 17956, 18013, 18082, 18157, 18250, 18301, 18358, 18439, 18508, 18595, 18646, 18805, 18862, 18979, 19054, 19147, 19198, 19279, 19390, 19459, 19510, 19591, 19648, 19711, 19774, 19879, 20164, 20221, 20296, 20347, 20404, 20461, 20578, 20653, 20704, 20773, 20872, 20947, 21004, 21079, 21196, 21271, 21358, 21409, 21466, 21607, 21682, 21757, 21880, 22021, 22102, 22237, 22312, 22375, 22444, 22507, 22618, 22675, 22762, 22819, 22870, 22957, 23038, 23089, 23152, 23251, 23386, 23473, 23524, 23617, 23728, 23797, 23854, 23917, 23992, 24097]"
1663012121,50,0.1,0.7,0.002453738007740949,0.002540081391855352,0.3324775353016688,0.3364114456085138,0.6784545943931426,0.6945629218601185,0.30254974063959206,0.3063176653290411,0.677560019050912,0.6935704423903942,3.2880464858882124,170.97841726618705,52.0,0.0,"[61, 130, 199, 430, 541, 826, 1099, 1174, 1357, 1414, 1525, 1582, 1747, 1858, 1933, 2014, 2323, 2416, 2497, 2590, 2641, 2746, 2947, 3112, 3253, 3328, 3475, 3550, 3613, 3868, 4003, 4168, 4297, 4540, 4675, 4726, 4891, 5014, 5287, 5518, 5635, 6004, 6199, 6328, 6571, 6706, 6841, 6904, 6973, 7264, 7321, 7654, 7927, 8068, 8371, 8584, 8677, 8782, 8839, 9064, 9175, 9232, 9511, 9592, 9667, 9970, 10255, 10390, 10687, 10768, 10825, 10882, 10951, 11182, 11317, 11386, 11773, 12106, 12217, 12310, 12385, 12796, 12937, 13006, 13087, 13186, 13255, 13552, 13687, 13786, 13861, 13960, 14023, 14080, 14203, 14704, 14863, 15388, 15709, 16108, 16183, 16252, 16753, 16942, 17173, 17746, 17833, 18028, 18217, 18304, 18391, 18514, 18745, 18862, 19051, 19306, 19495, 19684, 19801, 20224, 20329, 20446, 20773, 20950, 21121, 21226, 21433, 21586, 21679, 21880, 21931, 22270, 22411, 22666, 22723, 22888, 23383, 23536, 23617, 23734, 23827]"
1663012178,50,0.1,0.8,0.008761842875056672,0.008769275364165422,0.3324775353016688,0.3364114456085138,0.674189407428879,0.6784131848109652,0.30254974063959206,0.3063176653290411,0.6722544024264709,0.6765922654282451,1.5840766875249632,643.1351351351351,406.0,0.0,"[121, 196, 427, 586, 1417, 1942, 3121, 3526, 4675, 4726, 5287, 6706, 6973, 7282, 8371, 8950, 9175, 11386, 11779, 12034, 12817, 13030, 13087, 13786, 13933, 14434, 14863, 16822, 17173, 17830, 18835, 18964, 19591, 20326, 20953, 21496, 22267, 23644, 23917]"
1663012241,50,0.5,0.6,0.0036368599367362997,0.003692213561891691,0.3324775353016688,0.3364114456085138,0.6888898091018262,0.6982483746738996,0.30254974063959206,0.3063176653290411,0.6877642099911344,0.6972948363633721,7.737955729166667,247.61458333333331,32.0,0.0,"[361, 438, 983, 1112, 1371, 1448, 1837, 2044, 2173, 2354, 2613, 2768, 3235, 3676, 3831, 3986, 4167, 4608, 5517, 6348, 6789, 7152, 7255, 7748, 7929, 8396, 8499, 8836, 9121, 9692, 9769, 9820, 9975, 10260, 10311, 10492, 10595, 10802, 11581, 11788, 11943, 12020, 12123, 12356, 12433, 12484, 12535, 12924, 13079, 13416, 13805, 13856, 13907, 13958, 14009, 14060, 14137, 14552, 14759, 16032, 16265, 16394, 16653, 16834, 16989, 17040, 17377, 17662, 17791, 17842, 18205, 18360, 18489, 18592, 18643, 18694, 19109, 19186, 19289, 19938, 20119, 20586, 20689, 21000, 21441, 21674, 21725, 22374, 22477, 23126, 23177, 23306, 23565, 23668, 23771, 23952, 24081, 24132]"
1663012291,50,0.5,0.7,0.02084119912406554,0.02073889309750982,0.3324775353016688,0.3364114456085138,0.686777920410783,0.6889726282661808,0.30254974063959206,0.3063176653290411,0.6818502030555177,0.6840884447949306,0.4575727403473836,1378.6666666666667,3013.0,0.0,"[2883, 3272, 6417, 7066, 8833, 10158, 10677, 11794, 12911, 13872, 13949, 14026, 17041, 19276, 22291, 23304, 23563]"
1663012343,50,0.5,0.8,0.08174251521802145,0.08075903764131019,0.3324775353016688,0.3364114456085138,0.6594475961737546,0.6594475961737546,0.30254974063959206,0.3063176653290411,0.652520891982952,0.6525598633197491,,727.0,,1.0,"[11801, 13828, 13905, 13982]"
1663012397,50,1.0,0.6,0.0066317836513406945,0.006647409908766095,0.3324775353016688,0.3364114456085138,0.6839620688227256,0.6887241707731169,0.30254974063959206,0.3063176653290411,0.6817552774201796,0.6865645783569105,0.9089108910891088,459.0,505.0,0.0,"[100, 1375, 2497, 2599, 2905, 3313, 4384, 4945, 5914, 6322, 6883, 7240, 7393, 8158, 9739, 9790, 10453, 10504, 10657, 10708, 10759, 10810, 10861, 11830, 12136, 12187, 12238, 12493, 13717, 13819, 13870, 13921, 13972, 14023, 14533, 14584, 15808, 16012, 16369, 17797, 17950, 18409, 18664, 18766, 21265, 21622, 21673, 21724, 22285, 22336, 23203, 23305, 23509]"
1663012447,50,1.0,0.7,0.06614766657004431,0.06537744834154623,0.3324775353016688,0.3364114456085138,0.6632158681518904,0.663298687316245,0.30254974063959206,0.3063176653290411,0.6558115349249954,0.6559107335527473,0.0769645359491214,714.0,9277.0,0.0,"[11830, 13870, 13921, 13972, 23305]"
1663012499,50,1.0,0.8,0.30908112137148536,0.30502298231810837,0.3324775353016688,0.3364114456085138,0.6415586566731541,0.6414344279266222,0.30254974063959206,0.3063176653290411,0.6338163442858644,0.6336972648419794,,,,1.0,[11830]
1663012551,125,0.1,0.6,0.002677498642953422,0.002769626938185124,0.3324775353016688,0.3364114456085138,0.6778748602426602,0.6936933206343948,0.30254974063959206,0.3063176653290411,0.6773086982459424,0.6933355085934071,4.796688875429033,187.0708661417323,39.0,0.0,"[319, 459, 655, 781, 977, 1313, 1607, 1733, 1901, 2041, 2181, 2307, 2475, 2643, 2769, 3021, 3147, 3287, 3483, 3917, 4057, 4281, 4449, 4687, 4869, 5023, 5163, 5331, 5569, 5891, 6017, 6171, 6339, 6549, 6843, 7011, 7151, 7291, 7585, 7725, 8075, 8243, 8453, 8705, 8957, 9167, 9349, 9517, 9671, 9853, 10161, 10287, 10413, 10623, 10819, 11001, 11169, 11323, 11505, 11757, 11925, 12093, 12289, 12415, 12569, 12779, 12989, 13171, 13409, 13633, 13787, 13927, 14067, 14207, 14333, 14515, 14697, 14823, 14977, 15131, 15299, 15467, 15649, 15817, 15957, 16097, 16251, 16419, 16685, 16825, 16993, 17203, 17357, 17609, 17749, 18155, 18295, 18533, 18659, 18855, 19079, 19205, 19401, 19709, 19989, 20115, 20241, 20381, 20563, 20717, 20955, 21081, 21305, 21445, 21585, 21711, 21879, 22117, 22271, 22397, 22551, 22775, 23097, 23293, 23419, 23545, 23727, 23937, 24077]"
1663012600,125,0.1,0.7,0.010243547499748585,0.01025419567802275,0.3324775353016688,0.3364114456085138,0.6910016977928692,0.6953082943393101,0.30254974063959206,0.3063176653290411,0.6887755402975171,0.6931507024980053,8.50579872802095,688.969696969697,81.0,0.0,"[767, 1313, 1733, 2559, 2839, 3021, 3329, 4799, 5065, 6717, 7053, 7291, 8257, 8453, 8957, 9671, 11169, 11785, 12821, 13017, 13815, 13941, 14109, 14235, 17217, 18337, 18869, 19779, 20381, 21081, 22117, 22271, 23125, 23307, 23503]"
1663012654,125,0.1,0.8,0.08117313346308336,0.08010683672201747,0.3324775353016688,0.3364114456085138,0.6571700691540022,0.6568387924965837,0.30254974063959206,0.3063176653290411,0.6511585372507626,0.6508191077665283,0.260441049648885,2114.0,8117.0,0.0,"[9699, 11799, 13927, 22145]"
1663012711,125,0.5,0.6,0.014380719698538243,0.014326059050064186,0.3324775353016688,0.3364114456085138,0.6919955277651249,0.6945629218601185,0.30254974063959206,0.3063176653290411,0.6900121972949336,0.6925931633401222,6.433583208395802,932.8695652173913,145.0,0.0,"[2619, 2809, 3319, 3893, 4915, 6769, 10159, 10541, 11115, 11241, 11559, 11813, 13731, 13857, 13983, 14173, 14363, 16921, 17815, 21781, 22291, 22801, 23311, 23437, 24075]"
1663012762,125,0.5,0.7,0.0658826452441095,0.06505445360056318,0.3324775353016688,0.3364114456085138,0.6618907615222163,0.6616837136113297,0.30254974063959206,0.3063176653290411,0.6548287552457605,0.6546011682118132,0.8864248864248865,3837.3333333333335,4329.0,0.0,"[11835, 13881, 14007, 18357, 23347]"
1663012813,125,0.5,0.8,0.10930749375405469,0.10795478073626236,0.3324775353016688,0.3364114456085138,0.6604000165638328,0.6602757878173009,0.30254974063959206,0.3063176653290411,0.6535556901173386,0.6534353826618889,,1086.0,,1.0,"[11835, 13881, 14007]"
1663012865,125,1.0,0.6,0.03406766325727774,0.03371154085055282,0.3324775353016688,0.3364114456085138,0.6731541678744462,0.673526854114042,0.30254974063959206,0.3063176653290411,0.6686587323362585,0.6690001535696584,31.115853658536587,2551.5,82.0,0.0,"[3400, 10582, 11842, 11968, 13984, 14110, 14236, 21670, 23434, 23812]"
1663012916,125,1.0,0.7,0.06864880533355419,0.06782889560644333,0.3324775353016688,0.3364114456085138,0.6757215619694398,0.6755559236407305,0.30254974063959206,0.3063176653290411,0.6670105590670667,0.6668540544614228,52.24390243902439,4284.0,82.0,0.0,"[10582, 11842, 13984, 14110, 23434]"
1663012966,125,1.0,0.8,0.0,0.0,0.3324775353016688,0.3364114456085138,0.6046213093709885,0.5360470412853534,0.30254974063959206,0.3063176653290411,0.5985321942687974,0.5234883271440866,,,,1.0,[]
1663013020,250,0.1,0.6,0.007678776868967479,0.007700381868364338,0.3324775353016688,0.3364114456085138,0.6857012712741728,0.6906290115532734,0.30254974063959206,0.3063176653290411,0.6837842490966883,0.6885323450137671,5.985795454545454,526.75,88.0,0.0,"[769, 1228, 1531, 2224, 3307, 4000, 5031, 5490, 5897, 6174, 6789, 7690, 7941, 9024, 9769, 10176, 10505, 11094, 11397, 11778, 12419, 12800, 13103, 13614, 13865, 14116, 14445, 14748, 15077, 15822, 16515, 17000, 17251, 17528, 18299, 18810, 19217, 20482, 21071, 21426, 21807, 22084, 22543, 23314, 23565, 23946]"
1663013070,250,0.1,0.7,0.054577829309702265,0.053922177591894764,0.3324775353016688,0.3364114456085138,0.6599445111598824,0.6599445111598824,0.30254974063959206,0.3063176653290411,0.6529060859661416,0.6528479160277618,1.2323331788693237,5318.75,4316.0,0.0,"[2043, 11810, 13829, 18344, 20493, 23318]"
1663013123,250,0.1,0.8,0.1100528662332464,0.10867254682733583,0.3324775353016688,0.3364114456085138,0.662636134001408,0.6624290860905213,0.30254974063959206,0.3063176653290411,0.6544843113437008,0.6542764698501617,0.2188804452531307,2045.0,9343.0,0.0,"[11819, 13864, 23371]"
1663013177,250,0.5,0.6,0.03847410290741277,0.03808301240907146,0.3324775353016688,0.3364114456085138,0.6787444614683837,0.679158557290157,0.30254974063959206,0.3063176653290411,0.6758005671141366,0.67620302384106,37.64285714285714,2860.8571428571427,76.0,0.0,"[3399, 10580, 11839, 12090, 13853, 14104, 22293, 22922, 23425]"
1663013227,250,0.5,0.7,0.08524162491200465,0.08424779493974906,0.3324775353016688,0.3364114456085138,0.6734440349496874,0.67340262536751,0.30254974063959206,0.3063176653290411,0.6645611893974934,0.6645491656684438,0.1808125930653052,1700.0,9402.0,0.0,"[10581, 11840, 13981, 23430]"
1663013277,250,0.5,0.8,0.15630046792827862,0.1543335127748561,0.3324775353016688,0.3364114456085138,0.645078471158226,0.645078471158226,0.30254974063959206,0.3063176653290411,0.6389792593321265,0.6389821888384183,,,9404.0,0.0,"[13983, 23432]"
1663013330,250,1.0,0.6,0.047295658501091443,0.04682240613335069,0.3324775353016688,0.3364114456085138,0.6635471448093089,0.6641682885419686,0.30254974063959206,0.3063176653290411,0.6603574956728323,0.6610227457348673,156.3923076923077,4066.2,26.0,0.0,"[3512, 10791, 12046, 14054, 14305, 23592, 23843]"
1663013380,250,1.0,0.7,0.06620563998509255,0.06546854942233632,0.3324775353016688,0.3364114456085138,0.6635057352271315,0.6637541927201954,0.30254974063959206,0.3063176653290411,0.6604270036842098,0.6607139431324947,257.4358974358974,6693.333333333333,26.0,0.0,"[3512, 10791, 12046, 14054, 23592]"
1663013429,250,1.0,0.8,0.16213921901528017,0.160089444697503,0.3324775353016688,0.3364114456085138,0.6567559733322291,0.6565903350035198,0.30254974063959206,0.3063176653290411,0.6502332041081783,0.6501345751093307,,,26.0,0.0,"[12046, 14054]"
1663013481,500,0.1,0.6,0.029062625091446165,0.028859027979074355,0.3324775353016688,0.3364114456085138,0.6812290363990228,0.6827197813574061,0.30254974063959206,0.3063176653290411,0.6762827901897154,0.6778478350429739,0.4630616025937934,1999.5,4318.0,0.0,"[3304, 5131, 8284, 10519, 11836, 13816, 18346, 20479, 21745, 22297, 22798, 23299]"
1663013531,500,0.1,0.7,0.10954214805305947,0.10818943503526714,0.3324775353016688,0.3364114456085138,0.6611039794608472,0.6609797507143153,0.30254974063959206,0.3063176653290411,0.6517698147656974,0.6516425649913035,0.2183636168153962,2031.0,9301.0,0.0,"[11821, 13852, 23329]"
1663013583,500,0.1,0.8,0.16230485734398942,0.16023437823512363,0.3324775353016688,0.3364114456085138,0.6570872499896476,0.6568802020787611,0.30254974063959206,0.3063176653290411,0.6482285845655436,0.6480369431927191,,2031.0,,1.0,"[11821, 13852]"
1663013636,500,0.5,0.6,0.055833919969080846,0.0551851698483029,0.3324775353016688,0.3364114456085138,0.6674810551161539,0.6675224646983312,0.30254974063959206,0.3063176653290411,0.6650463681260353,0.6651343378831406,228.125,5018.75,22.0,0.0,"[3511, 10789, 12043, 14050, 23085, 23586]"
1663013693,500,0.5,0.7,0.08443413805954697,0.08337819371402543,0.3324775353016688,0.3364114456085138,0.6702140875398567,0.6699242204646155,0.30254974063959206,0.3063176653290411,0.6620962013231292,0.6618190825631369,278.2173913043478,6399.0,23.0,0.0,"[10790, 12044, 14051, 23588]"
1663013751,500,0.5,0.8,0.10908664264910901,0.10766491366102114,0.3324775353016688,0.3364114456085138,0.6597374632489958,0.6594061865915772,0.30254974063959206,0.3063176653290411,0.6529706462376036,0.6526514616655503,481.0,11544.0,24.0,0.0,"[12045, 14052, 23589]"
1663013809,500,1.0,0.6,0.03683152281437926,0.03640362379854698,0.3324775353016688,0.3364114456085138,0.6639612406310821,0.6640440597954367,0.30254974063959206,0.3063176653290411,0.6623984136839832,0.6624945640718537,5.880618379616376,2934.428571428572,499.0,0.0,"[3505, 11020, 12022, 12523, 14026, 14527, 23044, 23545, 24046]"
1663013861,500,1.0,0.7,0.08234295415959253,0.08136982897842561,0.3324775353016688,0.3364114456085138,0.6618493519400389,0.6618907615222163,0.30254974063959206,0.3063176653290411,0.654533444303244,0.6546229069636668,1.506012024048096,751.5,499.0,0.0,"[11020, 12022, 12523, 14527]"
1663013916,500,1.0,0.8,0.0,0.0,0.3324775353016688,0.3364114456085138,0.6046213093709885,0.5360470412853534,0.30254974063959206,0.3063176653290411,0.5985321942687974,0.5234883271440866,,,,1.0,[]
1663013971,50,0.1,0.6,0.0009602103114779571,0.0010487694179165733,0.3324775353016688,0.3364114456085138,0.6234212596794898,0.6541885792372355,0.30254974063959206,0.3063176653290411,0.623571190070826,0.6542056408449669,2.159827601688067,79.91362126245848,37.0,0.0,"[61, 130, 181, 292, 367, 430, 481, 544, 607, 658, 709, 778, 829, 970, 1033, 1102, 1171, 1228, 1357, 1414, 1513, 1582, 1723, 1804, 1873, 1942, 1993, 2068, 2119, 2176, 2305, 2368, 2467, 2530, 2593, 2650, 2707, 2764, 2887, 2938, 3043, 3100, 3181, 3262, 3325, 3478, 3553, 3634, 3691, 3760, 3847, 3946, 4003, 4168, 4333, 4462, 4555, 4666, 4795, 4906, 4981, 5038, 5203, 5296, 5353, 5422, 5479, 5566, 5635, 5830, 5887, 5950, 6001, 6064, 6163, 6232, 6307, 6370, 6427, 6502, 6571, 6634, 6709, 6784, 6835, 6886, 6973, 7054, 7105, 7156, 7237, 7288, 7399, 7450, 7531, 7588, 7651, 7720, 7837, 7912, 7963, 8068, 8149, 8218, 8281, 8368, 8449, 8524, 8605, 8674, 8821, 8932, 9013, 9064, 9133, 9232, 9343, 9418, 9481, 9538, 9595, 9664, 9715, 9838, 9895, 9952, 10063, 10150, 10213, 10264, 10321, 10390, 10465, 10552, 10627, 10684, 10765, 10828, 10885, 10942, 10993, 11080, 11161, 11260, 11317, 11380, 11449, 11542, 11599, 11650, 11701, 11770, 11953, 12100, 12217, 12280, 12337, 12418, 12481, 12616, 12667, 12724, 12793, 12904, 13015, 13090, 13165, 13252, 13303, 13402, 13477, 13552, 13645, 13786, 13849, 13906, 13957, 14008, 14065, 14182, 14233, 14284, 14341, 14428, 14533, 14614, 14695, 14752, 14863, 14914, 14965, 15028, 15115, 15172, 15247, 15304, 15427, 15496, 15589, 15640, 15763, 15814, 15865, 15958, 16009, 16090, 16183, 16252, 16357, 16414, 16507, 16594, 16675, 16756, 16873, 16942, 17017, 17068, 17149, 17200, 17251, 17338, 17389, 17452, 17515, 17740, 17833, 17884, 17983, 18046, 18115, 18262, 18331, 18508, 18559, 18628, 18763, 18850, 18973, 19054, 19147, 19198, 19279, 19390, 19471, 19528, 19591, 19648, 19729, 19780, 19849, 20164, 20221, 20284, 20347, 20446, 20611, 20710, 20773, 20824, 20875, 20950, 21073, 21196, 21271, 21358, 21409, 21490, 21547, 21610, 21679, 21772, 21877, 21952, 22021, 22078, 22129, 22240, 22321, 22408, 22477, 22546, 22651, 22702, 22765, 22846, 22903, 22954, 23035, 23092, 23143, 23206, 23281, 23416, 23497, 23578, 23647, 23722, 23803, 23872, 23929, 23992, 24115]"
1663014021,50,0.1,0.7,0.002515405422478995,0.002602153963244613,0.3324775353016688,0.3364114456085138,0.6770880781812911,0.6929065385730258,0.30254974063959206,0.3063176653290411,0.6759681664477801,0.6919989620288994,1.1044444444444443,176.7111111111111,160.0,0.0,"[61, 196, 427, 574, 709, 826, 949, 1120, 1357, 1414, 1525, 1582, 1933, 1990, 2065, 2320, 2557, 2650, 2821, 2914, 3013, 3268, 3367, 3496, 3979, 4150, 4213, 4276, 4333, 4540, 4663, 4726, 4903, 5014, 5221, 5302, 5635, 6328, 6397, 6646, 6709, 6784, 6841, 6982, 7051, 7198, 7321, 7654, 8071, 8176, 8227, 8284, 8371, 8680, 9067, 9172, 9511, 9664, 9787, 9838, 9967, 10036, 10267, 10390, 10465, 10828, 10885, 11098, 11161, 11548, 11773, 11926, 12061, 12724, 12799, 12904, 13015, 13186, 13327, 13402, 13537, 13786, 13849, 13960, 14023, 14188, 14299, 14434, 14617, 14704, 14755, 14866, 14995, 15250, 15463, 15724, 16111, 16252, 16339, 16594, 16753, 16822, 17017, 17200, 17437, 17836, 18133, 18250, 18835, 18922, 19147, 19684, 19891, 20284, 20347, 20446, 20587, 20806, 20875, 21082, 21433, 21586, 21907, 22144, 22267, 22354, 22645, 22750, 22819, 22870, 23119, 23218, 23383, 23500, 23617, 23722, 23917]"
1663014077,50,0.1,0.8,0.013068557397515121,0.013034816256481748,0.3324775353016688,0.3364114456085138,0.685328585034577,0.688351484533521,0.30254974063959206,0.3063176653290411,0.6833762882933411,0.6863164903748449,0.3209162491052255,896.64,2794.0,0.0,"[61, 196, 565, 826, 1099, 1666, 2755, 4678, 5299, 6706, 6985, 10828, 10885, 12352, 12799, 13006, 13087, 13960, 14011, 16822, 17173, 18028, 18133, 18646, 20455, 21082, 22477]"
1663014140,50,0.5,0.6,0.0028764000527537197,0.002961307095201326,0.3324775353016688,0.3364114456085138,0.6747691415793614,0.6888069899374716,0.30254974063959206,0.3063176653290411,0.6733307568565707,0.6875419441313451,5.051062897216744,196.991452991453,39.0,0.0,"[803, 932, 1321, 1372, 1449, 1526, 2019, 2070, 2173, 2588, 2717, 2768, 3105, 3234, 3285, 3674, 4115, 4166, 4477, 4606, 5073, 5176, 5357, 5434, 5901, 6004, 6159, 6340, 6677, 6728, 6857, 6986, 7063, 7452, 7503, 7710, 7943, 8020, 8123, 8512, 8719, 9186, 9705, 9782, 10119, 10170, 10247, 10428, 10479, 10608, 10685, 10788, 10891, 11150, 11201, 11356, 11537, 11796, 12081, 12340, 12469, 12546, 12805, 12908, 12959, 13062, 13191, 13372, 13423, 13708, 13811, 13862, 13913, 13990, 14067, 14352, 14455, 14558, 14635, 15284, 15673, 15906, 16035, 16398, 16501, 16838, 17019, 17252, 17459, 17510, 17613, 17794, 17845, 18130, 18207, 18414, 18595, 18646, 19035, 19112, 19215, 19292, 20149, 20460, 20589, 20640, 20691, 20768, 21053, 21156, 21727, 22454, 22505, 23024, 23309, 23516, 23567, 23748, 23851]"
1663014189,50,0.5,0.7,0.02359241928582274,0.023418499040678012,0.3324775353016688,0.3364114456085138,0.6863638245890099,0.687688931218684,0.30254974063959206,0.3063176653290411,0.6819897280483337,0.683335181570794,inf,1612.923076923077,0.0,0.0,"[2883, 3246, 6469, 7872, 10445, 10704, 11795, 13874, 13951, 14028, 17797, 19278, 23307, 23566, 23851]"
1663014241,50,0.5,0.8,0.0817218104269328,0.08073833285022154,0.3324775353016688,0.3364114456085138,0.6593647770094,0.6593647770094,0.30254974063959206,0.3063176653290411,0.6524868697415204,0.6525050327901001,,727.0,,1.0,"[11801, 13854, 13905, 13982]"
1663014294,50,1.0,0.6,0.005800013090771139,0.005825393157266913,0.3324775353016688,0.3364114456085138,0.6920783469294794,0.6975858213590624,0.30254974063959206,0.3063176653290411,0.6898708618723076,0.6954388645728414,0.7877227722772278,397.8,505.0,0.0,"[100, 508, 865, 1069, 2446, 2497, 2599, 2701, 2905, 3160, 3568, 4129, 4945, 5404, 6781, 6985, 7087, 7240, 7393, 7954, 8158, 8719, 9739, 9790, 10147, 10504, 10657, 10810, 11830, 12034, 12085, 12238, 12442, 12493, 12901, 13003, 13258, 13615, 13717, 13819, 13870, 13921, 13972, 14023, 14533, 14941, 15961, 16012, 16369, 17491, 17695, 18001, 18766, 20551, 21469, 21673, 22285, 23203, 23305, 23356, 23509, 23968]"
1663014342,50,1.0,0.7,0.04374922357033417,0.043309246759700194,0.3324775353016688,0.3364114456085138,0.6824713238643422,0.6828854196861154,0.30254974063959206,0.3063176653290411,0.6741785869746315,0.6745966027513419,0.2501347418346448,2320.5,9277.0,0.0,"[100, 7240, 10504, 11830, 13870, 13921, 14023, 23305]"
1663014391,50,1.0,0.8,0.0,0.0,0.3324775353016688,0.3364114456085138,0.6046213093709885,0.5360470412853534,0.30254974063959206,0.3063176653290411,0.5985321942687974,0.5234883271440866,,,,1.0,[]
1663014444,125,0.1,0.6,0.0026514776740711845,0.0027191238617501586,0.3324775353016688,0.3364114456085138,0.679821110604994,0.6926166714977846,0.30254974063959206,0.3063176653290411,0.6793999427259158,0.6922997951464575,4.694494136354602,183.08527131782947,39.0,0.0,"[319, 459, 697, 823, 1033, 1313, 1481, 1607, 1733, 1901, 2041, 2167, 2321, 2475, 2615, 2755, 2965, 3105, 3259, 3483, 3609, 3791, 4001, 4267, 4449, 4575, 4799, 4939, 5121, 5289, 5415, 5625, 5891, 6073, 6353, 6521, 6717, 6843, 7011, 7263, 7557, 7697, 7837, 7963, 8103, 8243, 8453, 8957, 9265, 9545, 9671, 9839, 9965, 10147, 10301, 10441, 10595, 10805, 11001, 11169, 11323, 11533, 11785, 11925, 12121, 12289, 12457, 12583, 12779, 12905, 13171, 13409, 13605, 13787, 13927, 14067, 14207, 14333, 14585, 14725, 14865, 15047, 15173, 15327, 15495, 15649, 15873, 16097, 16251, 16391, 16671, 16825, 16951, 17105, 17245, 17651, 17791, 18001, 18225, 18351, 18477, 18687, 18869, 19037, 19191, 19499, 19639, 19765, 20101, 20269, 20451, 20591, 20717, 20955, 21081, 21319, 21501, 21795, 21921, 22075, 22271, 22397, 22551, 22719, 22845, 23097, 23293, 23419, 23545, 23727, 23937]"
1663014491,125,0.1,0.7,0.011378284547947624,0.011332867586849921,0.3324775353016688,0.3364114456085138,0.6852043562880451,0.6877303408008614,0.30254974063959206,0.3063176653290411,0.6832786886226737,0.6856543440671485,9.679012345679013,784.0,81.0,0.0,"[781, 1733, 2559, 3497, 5233, 7053, 9069, 9699, 9853, 10161, 11547, 11785, 12821, 13605, 13815, 13941, 14109, 14921, 15061, 17245, 18337, 19205, 19499, 19933, 20451, 21081, 21361, 22271, 23125, 23307, 23517]"
1663014545,125,0.1,0.8,0.1558242577332395,0.15381589299763962,0.3324775353016688,0.3364114456085138,0.6441260507681478,0.6440432316037931,0.30254974063959206,0.3063176653290411,0.6386359455302608,0.6385822227221171,,154.0,,1.0,"[13815, 13969]"
1663014603,125,0.5,0.6,0.013897692849202229,0.013821244389797954,0.3324775353016688,0.3364114456085138,0.6938175493809268,0.6957637997432606,0.30254974063959206,0.3063176653290411,0.6909821728284298,0.6929668812226543,11.918888888888889,893.9166666666666,75.0,0.0,"[1915, 2041, 2167, 2741, 3315, 6641, 6767, 7341, 9067, 9897, 10535, 11109, 11811, 12065, 13087, 13725, 13851, 13977, 14103, 18325, 19411, 19793, 21007, 21581, 22795, 23369]"
1663014652,125,0.5,0.7,0.056945077090838826,0.05626872058194266,0.3324775353016688,0.3364114456085138,0.6741479978467018,0.6740237691001698,0.30254974063959206,0.3063176653290411,0.6697402166671681,0.6696133530547561,0.2865729312010304,2670.0,9317.0,0.0,"[3323, 10553, 11831, 13877, 14003, 23345]"
1663014701,125,0.5,0.8,0.10930749375405469,0.10795478073626236,0.3324775353016688,0.3364114456085138,0.6604000165638328,0.6602757878173009,0.30254974063959206,0.3063176653290411,0.6535556901173386,0.6534353826618889,,1086.0,,1.0,"[11835, 13881, 14007]"
1663014752,125,1.0,0.6,0.03785756023943941,0.03743886335297988,0.3324775353016688,0.3364114456085138,0.6731955774566235,0.6733612157853327,0.30254974063959206,0.3063176653290411,0.6691461646900114,0.669300869784308,34.90243902439025,2862.0,82.0,0.0,"[3400, 10582, 11842, 11968, 13858, 13984, 14110, 20662, 23434]"
1663014801,125,1.0,0.7,0.06864880533355419,0.06782889560644333,0.3324775353016688,0.3364114456085138,0.6757215619694398,0.6755559236407305,0.30254974063959206,0.3063176653290411,0.6670105590670667,0.6668540544614228,52.24390243902439,4284.0,82.0,0.0,"[10582, 11842, 13984, 14110, 23434]"
1663014849,125,1.0,0.8,0.0,0.0,0.3324775353016688,0.3364114456085138,0.6046213093709885,0.5360470412853534,0.30254974063959206,0.3063176653290411,0.5985321942687974,0.5234883271440866,,,,1.0,[]
1663014902,250,0.1,0.6,0.007782358284515548,0.007799098328374463,0.3324775353016688,0.3364114456085138,0.6982483746738996,0.7029690670421136,0.30254974063959206,0.3063176653290411,0.6965661288457964,0.7013730846416646,2.364567332309268,513.1111111111111,217.0,0.0,"[769, 1488, 1739, 2016, 2423, 2674, 3159, 3826, 4311, 4562, 5125, 6182, 6719, 7152, 8521, 9266, 10089, 10418, 10799, 11102, 11769, 12124, 12427, 12808, 13059, 13466, 13743, 13994, 14245, 14704, 15059, 15466, 16575, 17008, 18117, 18368, 19217, 19650, 20109, 20464, 21443, 21798, 22283, 22716, 22967, 23296, 23859]"
1663014950,250,0.1,0.7,0.06674396455339766,0.06599859207420597,0.3324775353016688,0.3364114456085138,0.6661973580686571,0.6664044059795436,0.30254974063959206,0.3063176653290411,0.6589982943434917,0.6592386371593216,109.84761904761903,3844.6666666666665,35.0,0.0,"[11793, 13812, 14063, 21802, 23327]"
1663015003,250,0.1,0.8,0.1100528662332464,0.10867254682733583,0.3324775353016688,0.3364114456085138,0.662636134001408,0.6624290860905213,0.30254974063959206,0.3063176653290411,0.6544843113437008,0.6542764698501617,0.2188804452531307,2045.0,9343.0,0.0,"[11819, 13864, 23371]"
1663015056,250,0.5,0.6,0.03847410290741277,0.03808301240907146,0.3324775353016688,0.3364114456085138,0.6787444614683837,0.679158557290157,0.30254974063959206,0.3063176653290411,0.6758005671141366,0.67620302384106,37.64285714285714,2860.8571428571427,76.0,0.0,"[3399, 10580, 11839, 12090, 13853, 14104, 22293, 22922, 23425]"
1663015104,250,0.5,0.7,0.08524162491200465,0.08424779493974906,0.3324775353016688,0.3364114456085138,0.6734440349496874,0.67340262536751,0.30254974063959206,0.3063176653290411,0.6645611893974934,0.6645491656684438,0.1808125930653052,1700.0,9402.0,0.0,"[10581, 11840, 13981, 23430]"
1663015152,250,0.5,0.8,0.2764503706157605,0.22323905751790968,0.3324775353016688,0.3364114456085138,0.6089279059174293,0.5596505031264235,0.30254974063959206,0.3063176653290411,0.6023583988104371,0.5462424616441776,,,9405.0,0.0,[23433]
1663015204,250,1.0,0.6,0.047295658501091443,0.04682240613335069,0.3324775353016688,0.3364114456085138,0.6635471448093089,0.6641682885419686,0.30254974063959206,0.3063176653290411,0.6603574956728323,0.6610227457348673,156.3923076923077,4066.2,26.0,0.0,"[3512, 10791, 12046, 14054, 14305, 23592, 23843]"
1663015252,250,1.0,0.7,0.08438237608182533,0.08337819371402543,0.3324775353016688,0.3364114456085138,0.6700070396289701,0.6699242204646155,0.30254974063959206,0.3063176653290411,0.6618011878643403,0.6617757142749173,246.17307692307693,6400.5,26.0,0.0,"[10791, 12046, 14054, 23592]"
1663015301,250,1.0,0.8,0.16213921901528017,0.160089444697503,0.3324775353016688,0.3364114456085138,0.6567559733322291,0.6565903350035198,0.30254974063959206,0.3063176653290411,0.6502332041081783,0.6501345751093307,,,26.0,0.0,"[12046, 14054]"
1663015350,500,0.1,0.6,0.02236376247463663,0.022288707606940242,0.3324775353016688,0.3364114456085138,0.6902977348958549,0.6930307673195577,0.30254974063959206,0.3063176653290411,0.6853918505337906,0.6881427561509313,0.3291768112127393,1429.2857142857142,4342.0,0.0,"[3304, 4009, 4561, 6082, 6889, 10501, 11818, 12931, 13840, 18370, 19432, 20494, 21658, 22312, 22813, 23314]"
1663015400,500,0.1,0.7,0.06763012961199222,0.06677709221913951,0.3324775353016688,0.3364114456085138,0.6706281833616299,0.6702969067042114,0.30254974063959206,0.3063176653290411,0.6639847237264469,0.663670069184188,0.3762792200797156,3493.0,9283.0,0.0,"[3355, 10537, 11803, 13834, 23311]"
1663015449,500,0.1,0.8,0.16230485734398942,0.16023437823512363,0.3324775353016688,0.3364114456085138,0.6570872499896476,0.6568802020787611,0.30254974063959206,0.3063176653290411,0.6482285845655436,0.6480369431927191,,2031.0,,1.0,"[11821, 13852]"
1663015500,500,0.5,0.6,0.055833919969080846,0.0551851698483029,0.3324775353016688,0.3364114456085138,0.6674810551161539,0.6675224646983312,0.30254974063959206,0.3063176653290411,0.6650463681260353,0.6651343378831406,228.125,5018.75,22.0,0.0,"[3511, 10789, 12043, 14050, 23085, 23586]"
1663015556,500,0.5,0.7,0.06628017723301172,0.06547683133877179,0.3324775353016688,0.3364114456085138,0.6638784214667274,0.6637956023023728,0.30254974063959206,0.3063176653290411,0.6608770857933314,0.660764075085749,304.1818181818182,6692.0,22.0,0.0,"[3511, 10789, 12043, 14050, 23587]"
1663015611,500,0.5,0.8,0.16222203817963476,0.1600480351153257,0.3324775353016688,0.3364114456085138,0.6569216116609383,0.6565075158391652,0.30254974063959206,0.3063176653290411,0.6504817903424344,0.6500933387669472,,,24.0,0.0,"[12045, 14052]"
1663015669,500,1.0,0.6,0.03683152281437926,0.03640362379854698,0.3324775353016688,0.3364114456085138,0.6639612406310821,0.6640440597954367,0.30254974063959206,0.3063176653290411,0.6623984136839832,0.6624945640718537,5.880618379616376,2934.428571428572,499.0,0.0,"[3505, 11020, 12022, 12523, 14026, 14527, 23044, 23545, 24046]"
1663015721,500,1.0,0.7,0.10972158957582785,0.10842408933427196,0.3324775353016688,0.3364114456085138,0.6616423040291524,0.6616837136113297,0.30254974063959206,0.3063176653290411,0.6543402078865926,0.6544320297752857,2.0080160320641283,1002.0,499.0,0.0,"[11020, 12022, 14527]"
1663015774,500,1.0,0.8,0.0,0.0,0.3324775353016688,0.3364114456085138,0.6046213093709885,0.5360470412853534,0.30254974063959206,0.3063176653290411,0.5985321942687974,0.5234883271440866,,,,1.0,[]
1663015828,50,0.1,0.6,0.0009761228445231924,0.0010666104500217713,0.3324775353016688,0.3364114456085138,0.622386020125057,0.6531947492649799,0.30254974063959206,0.3063176653290411,0.6221430132995097,0.6528550758362345,2.3982053838484547,81.53898305084746,34.0,0.0,"[61, 136, 199, 310, 367, 430, 541, 706, 781, 856, 925, 982, 1093, 1174, 1303, 1354, 1417, 1504, 1579, 1666, 1729, 1792, 1891, 1942, 2011, 2068, 2155, 2206, 2305, 2386, 2533, 2590, 2653, 2728, 2887, 2950, 3019, 3112, 3211, 3268, 3319, 3370, 3475, 3526, 3589, 3676, 3781, 3850, 3913, 3970, 4153, 4210, 4261, 4354, 4429, 4540, 4591, 4678, 4729, 4780, 4891, 4954, 5023, 5080, 5161, 5212, 5275, 5332, 5389, 5488, 5539, 5632, 5695, 5746, 5821, 5884, 6001, 6064, 6169, 6232, 6337, 6418, 6571, 6628, 6709, 6784, 6841, 6904, 6973, 7054, 7171, 7264, 7321, 7414, 7495, 7564, 7621, 7702, 7801, 7912, 7963, 8020, 8071, 8140, 8197, 8254, 8359, 8410, 8479, 8548, 8605, 8662, 8839, 8890, 8953, 9010, 9067, 9136, 9241, 9406, 9481, 9538, 9667, 9742, 9799, 9880, 9955, 10036, 10111, 10168, 10225, 10312, 10387, 10570, 10657, 10798, 10861, 10948, 10999, 11098, 11161, 11260, 11317, 11380, 11497, 11548, 11599, 11650, 11731, 11782, 11851, 11926, 12001, 12082, 12217, 12292, 12355, 12406, 12481, 12568, 12637, 12724, 12793, 12904, 13009, 13060, 13165, 13252, 13327, 13402, 13471, 13552, 13621, 13684, 13783, 13846, 13897, 13954, 14011, 14062, 14203, 14260, 14341, 14434, 14557, 14662, 14725, 14800, 14863, 14914, 14995, 15076, 15139, 15202, 15337, 15430, 15493, 15586, 15709, 15820, 15877, 15940, 16111, 16186, 16243, 16354, 16519, 16570, 16657, 16732, 16789, 16900, 16969, 17032, 17149, 17200, 17311, 17404, 17563, 17656, 17707, 17830, 18031, 18082, 18133, 18244, 18295, 18346, 18409, 18514, 18637, 18700, 18763, 18862, 18913, 18964, 19027, 19090, 19147, 19198, 19333, 19390, 19447, 19498, 19591, 19648, 19729, 19780, 19891, 19942, 20023, 20164, 20341, 20446, 20587, 20650, 20773, 20830, 20947, 21076, 21175, 21226, 21289, 21358, 21409, 21490, 21547, 21628, 21679, 21766, 21877, 21976, 22069, 22126, 22255, 22312, 22375, 22444, 22501, 22648, 22765, 22822, 22885, 22954, 23035, 23092, 23143, 23206, 23257, 23314, 23473, 23536, 23617, 23722, 23827, 23908, 24115]"
1663015877,50,0.1,0.7,0.0021374729551908757,0.0022350624163730848,0.3324775353016688,0.3364114456085138,0.6680607892666363,0.6873162449790882,0.30254974063959206,0.3063176653290411,0.6669527474167052,0.6861814981515343,2.9568238213399503,153.7548387096774,52.0,0.0,"[85, 160, 211, 430, 541, 826, 961, 1012, 1183, 1234, 1339, 1414, 1525, 1690, 1747, 1804, 1891, 1942, 2035, 2110, 2209, 2320, 2557, 2608, 2707, 2764, 2947, 3328, 3547, 3634, 3991, 4168, 4387, 4570, 4675, 4726, 4783, 4936, 5023, 5110, 5227, 5314, 5569, 5632, 5785, 6172, 6337, 6646, 6709, 6850, 6973, 7054, 7447, 7654, 7753, 7834, 7981, 8038, 8095, 8176, 8281, 8380, 8479, 8548, 8707, 8950, 9013, 9100, 9175, 9268, 9667, 9760, 9967, 10180, 10321, 10384, 10579, 10672, 10789, 10882, 10951, 11182, 11305, 11386, 11497, 11620, 11731, 11926, 12019, 12310, 12403, 12772, 12841, 12904, 13087, 13168, 13327, 13402, 13471, 13786, 13861, 13936, 14011, 14080, 14203, 14260, 14695, 14968, 15169, 15250, 15427, 15514, 15763, 16594, 16675, 16822, 16909, 17032, 17173, 17242, 17605, 17830, 18157, 18244, 18517, 18646, 18835, 18922, 19147, 19198, 19333, 19774, 20161, 20296, 20347, 20446, 20587, 20650, 20773, 20872, 20953, 21082, 21295, 21358, 21409, 21496, 21607, 21682, 22537, 22648, 22819, 22888, 23089, 23428, 23617, 23734, 23917]"
1663015931,50,0.1,0.8,0.009896890140378483,0.00990162266405589,0.3324775353016688,0.3364114456085138,0.6788686902149157,0.68296823885047,0.30254974063959206,0.3063176653290411,0.677427964108822,0.681501835537132,1.0745536322747715,716.7272727272727,667.0,0.0,"[85, 196, 541, 826, 1579, 1942, 3121, 3976, 4903, 5230, 5299, 7282, 8149, 8680, 9667, 11386, 12217, 12310, 12547, 12796, 13087, 13786, 13849, 13960, 14695, 16822, 17173, 18964, 20347, 20620, 21121, 21586, 21679, 22270, 23737]"
1663015993,50,0.5,0.6,0.0027863679655472273,0.0028519607437160954,0.3324775353016688,0.3364114456085138,0.6807735309950722,0.6929065385730258,0.30254974063959206,0.3063176653290411,0.6804382008319366,0.6927052166238087,0.3827343165799564,195.5772357723577,511.0,0.0,"[75, 204, 411, 488, 591, 824, 927, 1368, 1601, 1834, 2015, 2300, 2767, 3026, 3181, 3440, 3543, 3620, 4243, 4450, 4631, 4734, 4811, 4888, 5069, 5432, 6159, 6210, 6625, 7066, 7325, 7636, 7687, 7946, 8257, 8516, 8697, 9554, 9657, 9708, 9759, 10122, 10407, 10484, 10587, 10690, 10793, 10844, 11103, 11206, 11647, 11750, 11801, 11930, 11981, 12084, 12343, 12394, 12471, 12834, 12911, 12962, 13507, 13558, 13687, 13816, 13867, 13918, 13969, 14020, 14539, 14668, 14719, 14926, 15159, 15340, 15495, 15598, 15675, 15726, 15933, 15984, 16035, 16450, 16709, 16838, 16889, 16992, 17043, 17250, 17405, 17664, 17715, 17844, 18129, 18180, 18335, 18438, 18515, 18644, 18825, 19032, 19109, 19186, 19289, 19600, 20041, 20118, 20169, 20246, 20635, 21440, 21543, 21672, 21801, 22762, 22865, 23124, 23227, 23304, 23459, 23562, 23847, 23950, 24131]"
1663016040,50,0.5,0.7,0.021851318895192345,0.021680504368710916,0.3324775353016688,0.3364114456085138,0.6820986376247463,0.6832995155078885,0.30254974063959206,0.3063176653290411,0.678517954833492,0.6798399065894524,0.526448426840444,1477.2142857142858,2806.0,0.0,"[2883, 3272, 6339, 7690, 10783, 11796, 12393, 13822, 13873, 13976, 14027, 16834, 17041, 19276, 23305, 23564]"
1663016091,50,0.5,0.8,0.10381382251853082,0.10248871588885668,0.3324775353016688,0.3364114456085138,0.6439190028572612,0.6438775932750839,0.30254974063959206,0.3063176653290411,0.6383567318074798,0.6383409341574123,,77.0,,1.0,"[13829, 13906, 13983]"
1663016146,50,1.0,0.6,0.005619871866921435,0.00564682096008445,0.3324775353016688,0.3364114456085138,0.6865294629177192,0.6921611660938342,0.30254974063959206,0.3063176653290411,0.6853018333713417,0.690756640788018,0.7648758318454797,386.2622950819672,505.0,0.0,"[508, 610, 1375, 1783, 2038, 2599, 2701, 3160, 4129, 4945, 5404, 5455, 5659, 6424, 7342, 7393, 7648, 7699, 8158, 9790, 9943, 10147, 10657, 10759, 10810, 10861, 11065, 11779, 11830, 11983, 12034, 12238, 12493, 12901, 13258, 13717, 13819, 13870, 13921, 13972, 14023, 14533, 14584, 14839, 14941, 15706, 16981, 17032, 17287, 17440, 17491, 17797, 18409, 18715, 20857, 21265, 21673, 21724, 22540, 23203, 23305, 23407, 24070]"
1663016193,50,1.0,0.7,0.04742580290222014,0.04687564702472152,0.3324775353016688,0.3364114456085138,0.6644581556172098,0.6645409747815645,0.30254974063959206,0.3063176653290411,0.6574391236693771,0.6575395426918407,4.544554455445544,2295.0,505.0,0.0,"[11830, 12493, 13921, 13972, 14023, 14533, 23305]"
1663016243,50,1.0,0.8,0.0,0.0,0.3324775353016688,0.3364114456085138,0.6046213093709885,0.5360470412853534,0.30254974063959206,0.3063176653290411,0.5985321942687974,0.5234883271440866,,,,1.0,[]
1663016296,125,0.1,0.6,0.00283268475154419,0.002913820599550151,0.3324775353016688,0.3364114456085138,0.6808977597416042,0.6948113793531824,0.30254974063959206,0.3063176653290411,0.6798969517769207,0.6938503915835139,2.4368941944699523,197.3884297520661,81.0,0.0,"[235, 431, 697, 865, 991, 1117, 1369, 1607, 1733, 2041, 2181, 2307, 2559, 2755, 3021, 3147, 3315, 3483, 3763, 4001, 4267, 4449, 4603, 4799, 4939, 5065, 5233, 5373, 5611, 5793, 5975, 6101, 6339, 6521, 6717, 6843, 6983, 7165, 7291, 7627, 7879, 8103, 8243, 8411, 8789, 8957, 9181, 9349, 9517, 9671, 9839, 10063, 10231, 10413, 10581, 10805, 11183, 11323, 11547, 11729, 11869, 12121, 12359, 12485, 12625, 12793, 13017, 13409, 13633, 13787, 13927, 14109, 14235, 14431, 14683, 14865, 15061, 15285, 15649, 15915, 16111, 16251, 16391, 16671, 16825, 16951, 17133, 17301, 17441, 17651, 17791, 17987, 18225, 18365, 18631, 18855, 19107, 19275, 19499, 19681, 19933, 20269, 20451, 20591, 20717, 20955, 21081, 21333, 21501, 21697, 21935, 22117, 22271, 22397, 22551, 22719, 23097, 23293, 23419, 23545, 23727, 23937, 24119]"
1663016343,125,0.1,0.7,0.010171803755388996,0.010158000561329893,0.3324775353016688,0.3364114456085138,0.6986624704956726,0.7020994658163899,0.30254974063959206,0.3063176653290411,0.6962304850819087,0.6995741591388129,0.6565115881783498,678.1764705882352,1033.0,0.0,"[459, 1733, 2559, 3021, 4449, 4799, 7053, 7291, 8285, 8453, 9671, 10147, 10497, 11547, 11785, 11953, 12821, 13605, 13815, 13941, 15061, 16503, 17175, 18309, 18855, 19205, 19499, 19779, 20451, 21081, 22145, 22271, 22551, 22719, 23307, 23517]"
1663016395,125,0.1,0.8,0.10642262619570168,0.10505610998385027,0.3324775353016688,0.3364114456085138,0.6517454138887738,0.6515797755600646,0.30254974063959206,0.3063176653290411,0.6454197035355206,0.6453041856448701,,560.0,,1.0,"[12821, 13815, 13941]"
1663016452,125,0.5,0.6,0.013137573367810644,0.013091562720946961,0.3324775353016688,0.3364114456085138,0.6871920162325562,0.6898836390740818,0.30254974063959206,0.3063176653290411,0.6844273038438066,0.6868560483140514,10.5053164556962,829.92,79.0,0.0,"[3323, 4921, 5687, 6645, 8179, 9073, 10543, 11565, 11819, 11945, 12071, 12517, 12963, 13089, 13855, 13981, 14107, 14553, 15191, 21013, 21587, 21969, 22287, 22797, 23307, 23433, 24071]"
1663016500,125,0.5,0.7,0.08293304070561927,0.0819392107333637,0.3324775353016688,0.3364114456085138,0.6642096981241459,0.6641682885419686,0.30254974063959206,0.3063176653290411,0.6569402372140906,0.6568893982070242,0.1165111039588027,1086.0,9321.0,0.0,"[11835, 13881, 14007, 23349]"
1663016550,125,0.5,0.8,0.10930749375405469,0.10795478073626236,0.3324775353016688,0.3364114456085138,0.6604000165638328,0.6602757878173009,0.30254974063959206,0.3063176653290411,0.6535556901173386,0.6534353826618889,,1086.0,,1.0,"[11835, 13881, 14007]"
1663016600,125,1.0,0.6,0.03120023791687215,0.03087272576692428,0.3324775353016688,0.3364114456085138,0.6756801523872624,0.6760114290446809,0.30254974063959206,0.3063176653290411,0.6666935799730987,0.6669950922342162,17.414634146341463,1428.0,82.0,0.0,"[10582, 11842, 12976, 13858, 13984, 14110, 14236, 18520, 21670, 21796, 23434]"
1663016648,125,1.0,0.7,0.06864880533355419,0.06782889560644333,0.3324775353016688,0.3364114456085138,0.6757215619694398,0.6755559236407305,0.30254974063959206,0.3063176653290411,0.6670105590670667,0.6668540544614228,52.24390243902439,4284.0,82.0,0.0,"[10582, 11842, 13984, 14110, 23434]"
1663016696,125,1.0,0.8,0.0,0.0,0.3324775353016688,0.3364114456085138,0.6046213093709885,0.5360470412853534,0.30254974063959206,0.3063176653290411,0.5985321942687974,0.5234883271440866,,,,1.0,[]
1663016748,250,0.1,0.6,0.007302165721147873,0.007367592860988032,0.3324775353016688,0.3364114456085138,0.6975858213590624,0.7047910886579154,0.30254974063959206,0.3063176653290411,0.6955234050105052,0.7029660417532481,19.5875,489.6875,25.0,0.0,"[587, 1046, 1427, 1756, 2085, 2570, 2821, 3072, 3557, 3834, 4449, 4882, 5237, 6008, 6987, 7290, 7619, 8260, 8563, 8970, 9663, 10174, 10503, 10806, 11421, 11776, 12053, 12304, 12659, 12910, 13473, 13802, 14053, 14876, 15179, 15820, 17189, 17648, 18341, 18774, 19727, 20472, 21503, 21754, 22161, 22490, 23105, 23382, 23633, 24092]"
1663016796,250,0.1,0.7,0.10963877041147323,0.10829986058774001,0.3324775353016688,0.3364114456085138,0.6613938465360885,0.6613110273717339,0.30254974063959206,0.3063176653290411,0.6510606308878415,0.6509937101710425,0.21730707135938,2019.0,9291.0,0.0,"[11793, 13812, 23319]"
1663016849,250,0.1,0.8,0.16327798252515635,0.1611660938341132,0.3324775353016688,0.3364114456085138,0.6590335003519815,0.6587436332767402,0.30254974063959206,0.3063176653290411,0.6512823628884962,0.6510063320124407,,2045.0,,1.0,"[11819, 13864]"
1663016902,250,0.5,0.6,0.04850836769342711,0.047975958779718775,0.3324775353016688,0.3364114456085138,0.6720361091556586,0.6722431570665452,0.30254974063959206,0.3063176653290411,0.668111219859663,0.6683269850562356,53.0025974025974,4081.2,77.0,0.0,"[3399, 10580, 11839, 13854, 14105, 23428, 23805]"
1663016951,250,0.5,0.7,0.08524162491200465,0.08424779493974906,0.3324775353016688,0.3364114456085138,0.6734440349496874,0.67340262536751,0.30254974063959206,0.3063176653290411,0.6645611893974934,0.6645491656684438,0.1808125930653052,1700.0,9402.0,0.0,"[10581, 11840, 13981, 23430]"
1663016999,250,0.5,0.8,0.15630046792827862,0.1543335127748561,0.3324775353016688,0.3364114456085138,0.645078471158226,0.645078471158226,0.30254974063959206,0.3063176653290411,0.6389792593321265,0.6389821888384183,,,9404.0,0.0,"[13983, 23432]"
1663017050,250,1.0,0.6,0.04780440479641274,0.047337068083268756,0.3324775353016688,0.3364114456085138,0.667108368876558,0.6677709221913951,0.30254974063959206,0.3063176653290411,0.6645598235608231,0.665282925587314,154.46153846153845,4016.0,26.0,0.0,"[3512, 10791, 12046, 14054, 14305, 23090, 23592]"
1663017098,250,1.0,0.7,0.10903142987287258,0.10769252004913937,0.3324775353016688,0.3364114456085138,0.6595718249202865,0.659489005755932,0.30254974063959206,0.3063176653290411,0.6527232124878882,0.6526935052619608,444.0769230769231,11546.0,26.0,0.0,"[12046, 14054, 23592]"
1663017147,250,1.0,0.8,0.16213921901528017,0.160089444697503,0.3324775353016688,0.3364114456085138,0.6567559733322291,0.6565903350035198,0.30254974063959206,0.3063176653290411,0.6502332041081783,0.6501345751093307,,,26.0,0.0,"[12046, 14054]"
1663017196,500,0.1,0.6,0.024872369752074915,0.024659406186591574,0.3324775353016688,0.3364114456085138,0.6806907118307176,0.6816431322207959,0.30254974063959206,0.3063176653290411,0.6791010967487888,0.6800826396417329,5.15785498489426,1707.25,331.0,0.0,"[2845, 3346, 5122, 10417, 11785, 12439, 13858, 14359, 17818, 18370, 20503, 22024, 22780, 23332]"
1663017245,500,0.1,0.7,0.06763012961199222,0.06677709221913951,0.3324775353016688,0.3364114456085138,0.6706281833616299,0.6702969067042114,0.30254974063959206,0.3063176653290411,0.6639847237264469,0.663670069184188,0.3762792200797156,3493.0,9283.0,0.0,"[3355, 10537, 11803, 13834, 23311]"
1663017295,500,0.1,0.8,0.10954214805305947,0.10818943503526714,0.3324775353016688,0.3364114456085138,0.6611039794608472,0.6609797507143153,0.30254974063959206,0.3063176653290411,0.6517698147656974,0.6516425649913035,0.2183636168153962,2031.0,9301.0,0.0,"[11821, 13852, 23329]"
1663017345,500,0.5,0.6,0.055833919969080846,0.0551851698483029,0.3324775353016688,0.3364114456085138,0.6674810551161539,0.6675224646983312,0.30254974063959206,0.3063176653290411,0.6650463681260353,0.6651343378831406,228.125,5018.75,22.0,0.0,"[3511, 10789, 12043, 14050, 23085, 23586]"
1663017401,500,0.5,0.7,0.08443413805954697,0.08337819371402543,0.3324775353016688,0.3364114456085138,0.6702140875398567,0.6699242204646155,0.30254974063959206,0.3063176653290411,0.6620962013231292,0.6618190825631369,278.2173913043478,6399.0,23.0,0.0,"[10790, 12044, 14051, 23588]"
1663017457,500,0.5,0.8,0.16222203817963476,0.1600480351153257,0.3324775353016688,0.3364114456085138,0.6569216116609383,0.6565075158391652,0.30254974063959206,0.3063176653290411,0.6504817903424344,0.6500933387669472,,,24.0,0.0,"[12045, 14052]"
1663017514,500,1.0,0.6,0.03683152281437926,0.03640362379854698,0.3324775353016688,0.3364114456085138,0.6639612406310821,0.6640440597954367,0.30254974063959206,0.3063176653290411,0.6623984136839832,0.6624945640718537,5.880618379616376,2934.428571428572,499.0,0.0,"[3505, 11020, 12022, 12523, 14026, 14527, 23044, 23545, 24046]"
1663017566,500,1.0,0.7,0.08234295415959253,0.08136982897842561,0.3324775353016688,0.3364114456085138,0.6618493519400389,0.6618907615222163,0.30254974063959206,0.3063176653290411,0.654533444303244,0.6546229069636668,1.506012024048096,751.5,499.0,0.0,"[11020, 12022, 12523, 14527]"
1663017619,500,1.0,0.8,0.30129611992215,0.2975692575261915,0.3324775353016688,0.3364114456085138,0.6337736552238188,0.6339807031347053,0.30254974063959206,0.3063176653290411,0.6283569142899798,0.628581015263176,,,499.0,0.0,[14527]
1663017674,50,0.1,0.6,0.0009497050076404074,0.0010371403221393954,0.3324775353016688,0.3364114456085138,0.622137562631993,0.6527392438610294,0.30254974063959206,0.3063176653290411,0.6225902663565428,0.6529546068066824,7.932673267326733,79.32673267326733,10.0,0.0,"[61, 130, 199, 256, 313, 388, 457, 508, 565, 658, 709, 778, 829, 982, 1087, 1174, 1225, 1342, 1417, 1510, 1579, 1684, 1741, 1816, 1903, 1990, 2065, 2122, 2179, 2320, 2371, 2440, 2545, 2608, 2671, 2728, 2821, 2908, 3013, 3064, 3121, 3244, 3319, 3376, 3481, 3550, 3613, 3670, 3721, 3784, 3859, 3910, 3973, 4048, 4213, 4270, 4351, 4420, 4483, 4540, 4591, 4678, 4795, 4906, 4981, 5038, 5101, 5188, 5275, 5422, 5509, 5560, 5635, 5734, 5785, 5854, 5995, 6064, 6163, 6220, 6325, 6436, 6571, 6634, 6709, 6784, 6841, 6904, 6973, 7054, 7159, 7264, 7321, 7414, 7483, 7612, 7669, 7720, 7837, 7924, 7981, 8038, 8095, 8176, 8227, 8284, 8359, 8422, 8479, 8584, 8677, 8758, 8839, 8944, 9007, 9064, 9133, 9262, 9373, 9442, 9511, 9604, 9667, 9742, 9853, 9958, 10069, 10150, 10225, 10312, 10387, 10540, 10627, 10690, 10765, 10828, 10885, 10948, 10999, 11086, 11161, 11266, 11317, 11386, 11449, 11542, 11623, 11704, 11773, 11830, 11953, 12034, 12109, 12232, 12283, 12334, 12385, 12484, 12547, 12610, 12667, 12724, 12799, 12904, 13015, 13084, 13165, 13270, 13327, 13402, 13471, 13552, 13621, 13786, 13843, 13918, 13969, 14038, 14089, 14188, 14299, 14428, 14497, 14560, 14617, 14704, 14755, 14866, 14917, 14968, 15037, 15100, 15169, 15238, 15337, 15388, 15463, 15514, 15577, 15640, 15709, 15802, 15871, 15958, 16009, 16060, 16111, 16162, 16339, 16390, 16483, 16594, 16669, 16756, 16819, 16942, 17017, 17080, 17149, 17200, 17281, 17338, 17437, 17716, 17773, 17854, 17995, 18118, 18187, 18250, 18301, 18358, 18439, 18514, 18595, 18646, 18805, 18862, 18973, 19054, 19147, 19198, 19279, 19390, 19471, 19528, 19591, 19648, 19729, 19810, 19879, 19972, 20035, 20164, 20245, 20296, 20347, 20446, 20587, 20644, 20713, 20788, 20839, 20950, 21001, 21082, 21331, 21412, 21505, 21586, 21679, 21736, 21787, 21874, 21931, 22024, 22081, 22144, 22231, 22312, 22375, 22444, 22507, 22618, 22675, 22750, 22819, 22870, 22957, 23038, 23089, 23158, 23251, 23314, 23383, 23440, 23509, 23578, 23641, 23722, 23833, 23908, 23971, 24040, 24097]"
1663017723,50,0.1,0.7,0.002156816734451176,0.0022412598039892317,0.3324775353016688,0.3364114456085138,0.6624704956726987,0.6793241956188663,0.30254974063959206,0.3063176653290411,0.6612022370629185,0.6775050524168735,0.2375765759504353,158.46357615894038,667.0,0.0,"[121, 196, 427, 508, 565, 778, 949, 1012, 1099, 1174, 1225, 1354, 1417, 1510, 1579, 1894, 2035, 2110, 2323, 2530, 2755, 2836, 2887, 2980, 3079, 3202, 3253, 3454, 3613, 3724, 3991, 4168, 4351, 4540, 4645, 4726, 4783, 5020, 5287, 5854, 6013, 6172, 6307, 6496, 6571, 6784, 6889, 6982, 7051, 7198, 7285, 7456, 7585, 7654, 7981, 8068, 8197, 8284, 8371, 8548, 8605, 8680, 8953, 9064, 9169, 9268, 9511, 9694, 9787, 9886, 10255, 10312, 10387, 10672, 10789, 10882, 10951, 11002, 11161, 11398, 11497, 11728, 11779, 11926, 12019, 12280, 12337, 12406, 12667, 12772, 12841, 12940, 13087, 13186, 13327, 13402, 13597, 13786, 13921, 13972, 14695, 14950, 15043, 15202, 15589, 15640, 15763, 15868, 16111, 16186, 16339, 16660, 16753, 17140, 17239, 17302, 17365, 17752, 17833, 18154, 18217, 18328, 18847, 18964, 19099, 19234, 19417, 19510, 19591, 19648, 19801, 19852, 20035, 20164, 20347, 20446, 20665, 20806, 20953, 21082, 21343, 21418, 21547, 21880, 22267, 22510, 22657, 23362, 23473, 23578, 23737, 23908, 24049]"
1663017777,50,0.1,0.8,0.011203295668424127,0.011175244015981425,0.3324775353016688,0.3364114456085138,0.6797797010228167,0.682844010103938,0.30254974063959206,0.3063176653290411,0.6774289250592442,0.6802042380770073,1.1991935066949284,799.8620689655172,667.0,0.0,"[541, 1942, 2653, 3976, 4903, 6328, 6571, 6706, 8371, 8680, 8953, 9172, 9787, 10390, 10687, 10828, 11161, 12796, 12859, 13810, 13861, 13960, 14695, 17140, 18157, 18328, 18835, 21682, 22267, 22618, 23737]"
1663017839,50,0.5,0.6,0.0029634395860740643,0.0030275005636304234,0.3324775353016688,0.3364114456085138,0.6791999668723343,0.6906290115532734,0.30254974063959206,0.3063176653290411,0.6780502979065433,0.6896433762382296,4.845298281092012,208.34782608695653,43.0,0.0,"[75, 516, 801, 878, 1345, 1734, 2045, 2200, 2303, 2588, 2639, 3158, 3261, 3832, 3935, 3986, 4271, 4452, 4607, 4814, 4917, 5176, 5383, 6058, 6239, 6628, 6809, 6860, 6989, 7066, 7325, 7584, 7687, 8102, 8153, 8724, 9009, 9060, 9111, 9708, 9759, 10200, 10407, 10458, 10509, 10846, 11105, 11182, 11337, 11440, 11621, 11802, 11931, 12034, 12085, 12344, 12395, 12628, 12783, 12834, 12885, 12962, 13377, 13454, 13609, 13816, 13867, 13918, 13969, 14020, 14071, 14200, 14459, 14692, 14925, 15522, 15599, 15676, 15779, 15830, 15933, 16036, 16269, 16944, 16995, 17046, 17227, 17408, 17485, 17770, 17847, 18158, 18235, 18676, 18805, 19220, 19271, 19374, 19503, 19762, 19839, 20150, 20487, 20720, 21603, 21680, 21965, 22276, 22639, 22846, 22897, 23286, 23519, 23570, 23673, 23984, 24035]"
1663017887,50,0.5,0.7,0.02199124877496653,0.021820089168633625,0.3324775353016688,0.3364114456085138,0.6623462669261667,0.6637127831380182,0.30254974063959206,0.3063176653290411,0.6602002340452421,0.6616840847437958,1402.923076923077,1402.923076923077,1.0,0.0,"[5327, 6184, 9823, 11798, 12395, 13824, 13875, 13952, 14029, 16992, 17043, 17796, 20109, 23306, 23565]"
1663017938,50,0.5,0.8,0.10370339696605795,0.10239209353044293,0.3324775353016688,0.3364114456085138,0.6435877261998426,0.6435877261998426,0.30254974063959206,0.3063176653290411,0.6380077128009811,0.6380090521987859,,64.0,,1.0,"[13855, 13906, 13983]"
1663017992,50,1.0,0.6,0.007858409345013346,0.007875349628631338,0.3324775353016688,0.3364114456085138,0.678247546482256,0.6829268292682927,0.30254974063959206,0.3063176653290411,0.6737390458138806,0.6785546458357862,12.01086956521739,552.5,46.0,0.0,"[100, 2446, 2599, 3160, 3211, 4639, 5302, 5455, 7240, 7291, 7342, 8158, 8566, 9127, 9178, 9790, 9892, 10147, 10504, 10810, 11779, 11830, 11983, 12034, 12136, 13615, 13717, 13870, 13921, 13972, 14023, 14074, 14941, 15706, 16012, 16522, 18409, 18460, 21061, 21673, 21724, 22030, 22285, 23305]"
1663018041,50,1.0,0.7,0.04904669226173223,0.04827174150955673,0.3324775353016688,0.3364114456085138,0.6758043811337944,0.674313636175411,0.30254974063959206,0.3063176653290411,0.6672313018965245,0.6660670885605877,0.0755967302452316,693.6,9175.0,0.0,"[10504, 11830, 13819, 13870, 13921, 13972, 23203]"
1663018090,50,1.0,0.8,0.31032340883680487,0.30614104103689593,0.3324775353016688,0.3364114456085138,0.6428009441384737,0.6425524866454098,0.30254974063959206,0.3063176653290411,0.6368748544988534,0.6366596436890654,,,,1.0,[13921]
1663018143,125,0.1,0.6,0.0028155149247877423,0.002888907517589814,0.3324775353016688,0.3364114456085138,0.6787858710505611,0.691747070272061,0.30254974063959206,0.3063176653290411,0.6781204517803063,0.6910993692536936,5.082008900190719,198.198347107438,39.0,0.0,"[137, 319, 459, 585, 767, 1103, 1369, 1607, 1733, 2013, 2265, 2587, 2713, 2839, 3021, 3147, 3301, 3497, 3679, 3875, 4001, 4267, 4449, 4575, 4799, 5065, 5219, 5569, 5737, 5975, 6157, 6465, 6619, 6773, 7011, 7263, 7725, 7907, 8089, 8257, 8453, 8705, 8957, 9181, 9349, 9517, 9671, 9853, 10147, 10301, 10483, 10623, 10819, 10959, 11085, 11323, 11533, 11729, 11925, 12093, 12275, 12415, 12569, 12779, 12919, 13059, 13409, 13633, 13787, 13927, 14067, 14207, 14333, 14515, 14739, 14865, 15061, 15327, 15453, 15649, 15873, 15999, 16293, 16419, 16629, 16769, 17021, 17175, 17791, 18001, 18225, 18365, 18631, 18855, 19191, 19359, 19499, 19653, 19779, 19933, 20171, 20311, 20451, 20647, 20843, 20997, 21179, 21347, 21585, 21795, 21921, 22117, 22271, 22397, 22551, 22719, 22915, 23097, 23307, 23475, 23643, 23797, 24119]"
1663018191,125,0.1,0.7,0.012471678803618016,0.012455410753476925,0.3324775353016688,0.3364114456085138,0.6816845418029732,0.6851629467058677,0.30254974063959206,0.3063176653290411,0.6794970322827222,0.682992702454554,1.206153846153846,874.4615384615385,725.0,0.0,"[781, 1733, 2041, 2559, 2755, 3259, 5891, 6171, 7557, 8285, 9069, 9699, 9853, 10161, 11785, 12821, 13815, 13941, 14753, 15061, 18869, 19779, 20381, 21347, 22145, 22271, 23307, 23517]"
1663018244,125,0.1,0.8,0.10890720112634063,0.10758209449666654,0.3324775353016688,0.3364114456085138,0.6591991386806907,0.6591577290985134,0.30254974063959206,0.3063176653290411,0.6523320091565292,0.6523100919518051,,1092.0,,1.0,"[11799, 13857, 13983]"
1663018300,125,0.5,0.6,0.015123124491007217,0.015007522740762213,0.3324775353016688,0.3364114456085138,0.695432523085842,0.6965919913868069,0.30254974063959206,0.3063176653290411,0.6923833418518033,0.6935027223932279,12.3463751438435,975.3636363636364,79.0,0.0,"[2619, 2745, 3319, 4917, 6387, 6769, 7151, 7277, 10539, 11817, 12071, 12325, 13091, 13729, 13855, 13981, 14107, 14553, 16535, 20501, 22291, 22801, 23311, 24077]"
1663018348,125,0.5,0.7,0.08293304070561927,0.0819392107333637,0.3324775353016688,0.3364114456085138,0.6642096981241459,0.6641682885419686,0.30254974063959206,0.3063176653290411,0.6569402372140906,0.6568893982070242,0.1165111039588027,1086.0,9321.0,0.0,"[11835, 13881, 14007, 23349]"
1663018398,125,0.5,0.8,0.10930749375405469,0.10795478073626236,0.3324775353016688,0.3364114456085138,0.6604000165638328,0.6602757878173009,0.30254974063959206,0.3063176653290411,0.6535556901173386,0.6534353826618889,,1086.0,,1.0,"[11835, 13881, 14007]"
1663018449,125,1.0,0.6,0.03408422709014867,0.033715681808770555,0.3324775353016688,0.3364114456085138,0.6733198062031555,0.6735682636962194,0.30254974063959206,0.3063176653290411,0.6692181977672714,0.669441670088696,30.539634146341463,2504.25,82.0,0.0,"[3400, 10582, 11842, 11968, 12220, 13858, 13984, 14110, 21670, 23434]"
1663018498,125,1.0,0.7,0.11103289301144285,0.10968017999365053,0.3324775353016688,0.3364114456085138,0.6655762143359973,0.6654519855894654,0.30254974063959206,0.3063176653290411,0.65742828211202,0.6573289172533706,0.3616840314692749,3402.0,9406.0,0.0,"[10582, 13984, 23434]"
1663018547,125,1.0,0.8,0.0,0.0,0.3324775353016688,0.3364114456085138,0.6046213093709885,0.5360470412853534,0.30254974063959206,0.3063176653290411,0.5985321942687974,0.5234883271440866,,,,1.0,[]
1663018599,250,0.1,0.6,0.008029694434928607,0.008050399226017262,0.3324775353016688,0.3364114456085138,0.6857840904385275,0.6906290115532734,0.30254974063959206,0.3063176653290411,0.6844126880068043,0.6893835689423006,7.473172367538565,530.5952380952381,71.0,0.0,"[1367, 1618, 2051, 2666, 3125, 3428, 3835, 4112, 4441, 5056, 5905, 6182, 6563, 7152, 7741, 8044, 9699, 10366, 11189, 11778, 12029, 12358, 12921, 13822, 14099, 14350, 14757, 15060, 15363, 15822, 16775, 17026, 17355, 17788, 18117, 19226, 20491, 21678, 22163, 22544, 22795, 23098, 23349, 23652]"
1663018648,250,0.1,0.7,0.08214625864425029,0.0811524286719947,0.3324775353016688,0.3364114456085138,0.66106256987867,0.6610211602964926,0.30254974063959206,0.3063176653290411,0.6530430115463275,0.6530113115394937,0.6348847231200172,5893.0,9282.0,0.0,"[2043, 11810, 13829, 23310]"
1663018700,250,0.1,0.8,0.16327798252515635,0.1611660938341132,0.3324775353016688,0.3364114456085138,0.6590335003519815,0.6587436332767402,0.30254974063959206,0.3063176653290411,0.6512823628884962,0.6510063320124407,,2045.0,,1.0,"[11819, 13864]"
1663018754,250,0.5,0.6,0.0425069361050147,0.04205143070106423,0.3324775353016688,0.3364114456085138,0.6725330241417864,0.6728228912170277,0.30254974063959206,0.3063176653290411,0.6684919377926812,0.6687709839126891,43.34848484848485,3337.833333333333,77.0,0.0,"[3399, 10580, 11839, 13854, 14105, 21664, 22293, 23426]"
1663018802,250,0.5,0.7,0.08524162491200465,0.08424779493974906,0.3324775353016688,0.3364114456085138,0.6734440349496874,0.67340262536751,0.30254974063959206,0.3063176653290411,0.6645611893974934,0.6645491656684438,0.1808125930653052,1700.0,9402.0,0.0,"[10581, 11840, 13981, 23430]"
1663018851,250,0.5,0.8,0.15630046792827862,0.1543335127748561,0.3324775353016688,0.3364114456085138,0.645078471158226,0.645078471158226,0.30254974063959206,0.3063176653290411,0.6389792593321265,0.6389821888384183,,,9404.0,0.0,"[13983, 23432]"
1663018902,250,1.0,0.6,0.055178268251273345,0.05462614048890913,0.3324775353016688,0.3364114456085138,0.6635471448093089,0.6641682885419686,0.30254974063959206,0.3063176653290411,0.6603574956728323,0.6610227457348673,193.07692307692307,5020.0,26.0,0.0,"[3512, 10791, 12046, 14054, 14305, 23592]"
1663018950,250,1.0,0.7,0.06620563998509255,0.06546854942233632,0.3324775353016688,0.3364114456085138,0.6635057352271315,0.6637541927201954,0.30254974063959206,0.3063176653290411,0.6604270036842098,0.6607139431324947,257.4358974358974,6693.333333333333,26.0,0.0,"[3512, 10791, 12046, 14054, 23592]"
1663018998,250,1.0,0.8,0.16213921901528017,0.160089444697503,0.3324775353016688,0.3364114456085138,0.6567559733322291,0.6565903350035198,0.30254974063959206,0.3063176653290411,0.6502332041081783,0.6501345751093307,,,26.0,0.0,"[12046, 14054]"
1663019048,500,0.1,0.6,0.02275318508702914,0.022598589313567157,0.3324775353016688,0.3364114456085138,0.6737753116071059,0.6753902853120212,0.30254974063959206,0.3063176653290411,0.6708617160764508,0.6722868046102864,0.5793599628664999,1728.2307692307693,2983.0,0.0,"[1621, 3295, 4000, 10519, 11785, 12949, 13858, 17011, 17818, 18370, 20503, 21667, 22525, 23332, 24088]"
1663019097,500,0.1,0.7,0.06763012961199222,0.06677709221913951,0.3324775353016688,0.3364114456085138,0.6706281833616299,0.6702969067042114,0.30254974063959206,0.3063176653290411,0.6639847237264469,0.663670069184188,0.3762792200797156,3493.0,9283.0,0.0,"[3355, 10537, 11803, 13834, 23311]"
1663019147,500,0.1,0.8,0.10954214805305947,0.10818943503526714,0.3324775353016688,0.3364114456085138,0.6611039794608472,0.6609797507143153,0.30254974063959206,0.3063176653290411,0.6517698147656974,0.6516425649913035,0.2183636168153962,2031.0,9301.0,0.0,"[11821, 13852, 23329]"
1663019197,500,0.5,0.6,0.06628017723301172,0.06547683133877179,0.3324775353016688,0.3364114456085138,0.6638784214667274,0.6637956023023728,0.30254974063959206,0.3063176653290411,0.6608770857933314,0.660764075085749,304.1818181818182,6692.0,22.0,0.0,"[3511, 10789, 12043, 14050, 23587]"
1663019253,500,0.5,0.7,0.06628017723301172,0.06547683133877179,0.3324775353016688,0.3364114456085138,0.6638784214667274,0.6637956023023728,0.30254974063959206,0.3063176653290411,0.6608770857933314,0.660764075085749,304.1818181818182,6692.0,22.0,0.0,"[3511, 10789, 12043, 14050, 23587]"
1663019308,500,0.5,0.8,0.16222203817963476,0.1600480351153257,0.3324775353016688,0.3364114456085138,0.6569216116609383,0.6565075158391652,0.30254974063959206,0.3063176653290411,0.6504817903424344,0.6500933387669472,,,24.0,0.0,"[12045, 14052]"
1663019365,500,1.0,0.6,0.033260176404820076,0.032924758789183814,0.3324775353016688,0.3364114456085138,0.6650792993498695,0.6656590335003519,0.30254974063959206,0.3063176653290411,0.6645158547952502,0.6651073461988325,5.145541082164328,2567.625,499.0,0.0,"[3505, 4006, 11020, 12022, 12523, 14026, 14527, 23044, 23545, 24046]"
1663019417,500,1.0,0.7,0.08302621226551823,0.08207379187543996,0.3324775353016688,0.3364114456085138,0.6645823843637417,0.6647066131102737,0.30254974063959206,0.3063176653290411,0.6569050545445437,0.6570664367306825,12.550100200400802,6262.5,499.0,0.0,"[11020, 12022, 14527, 23545]"
1663019470,500,1.0,0.8,0.0,0.0,0.3324775353016688,0.3364114456085138,0.6046213093709885,0.5360470412853534,0.30254974063959206,0.3063176653290411,0.5985321942687974,0.5234883271440866,,,,1.0,[]
