seed,n_clusters,n_samples,threshold,lpd (ht),lpd (nb),acc (ht-no dd),acc (nb-no dd),acc (ht-dd),acc (nb-dd),f1 (ht-no dd),f1 (nb-no dd),f1 (ht-dd),f1 (nb-dd),mtr,mtfa,mtd,mdr,drifts
1663129203,2,100,0.05,0.0007652764680611657,0.0008050711636091341,0.3058823529411765,0.30024379571169596,0.6655622929299244,0.678627242607989,0.2824474041486233,0.26444543334786724,0.662457642569009,0.6752957153049564,3.2449474864892425,170.35974304068523,52.5,0.0,"[321, 441, 541, 776, 1112, 1442, 1542, 1770, 2115, 2291, 2503, 2882, 3038, 3138, 3254, 3435, 3645, 3780, 3880, 3980, 4080, 4288, 4395, 4497, 4666, 4812, 4930, 5030, 5130, 5374, 5502, 5640, 5786, 5932, 6034, 6159, 6259, 6393, 6493, 6724, 6824, 6938, 7081, 7181, 7377, 7491, 7591, 7691, 7800, 7967, 8074, 8403, 8503, 8891, 8991, 9168, 9319, 9419, 9626, 9757, 9861, 10818, 11233, 11344, 11580, 12104, 12399, 12586, 12686, 13015, 13418, 13655, 13755, 14109, 14282, 14430, 14644, 14920, 15110, 15295, 15395, 15631, 15892, 16165, 16290, 16390, 16490, 16759, 17112, 17329, 17534, 17724, 18141, 18412, 18526, 18630, 18730, 18834, 18934, 19045, 19318, 19418, 19518, 19769, 19899, 19999, 20099, 20232, 20469, 20576, 20692, 20847, 21013, 21113, 21214, 21387, 21564, 21671, 21846, 21959, 22059, 22220, 22320, 22420, 22524, 22733, 22878, 22978, 23078, 23235, 23335, 23435, 23535, 23678, 23778, 23888, 24005, 24105, 24205, 24477, 24582, 24686, 24796, 24896, 24996, 25096, 25201, 25301, 25490, 25604, 25704, 25804, 25921, 26096, 26213, 26317, 26417, 26517, 26617, 26766, 26866, 27004, 27271, 27449, 27667, 27798, 27898, 27998, 28320, 28499, 28673, 28842, 28981, 29258, 29423, 29678, 29778, 29953, 30053, 30253, 30353, 30512, 30777, 30962, 31116, 31216, 31316, 31426, 31543, 31800, 31900, 32000, 32106, 32225, 32328, 32428, 32533, 32733, 32844, 32997, 33097, 33197, 33331, 33483, 33643, 33838, 33938, 34126, 34300, 34762, 35015, 35115, 35822, 36057, 36157, 36430, 36694, 36911, 37071, 37321, 37789, 38068, 38290, 38435, 38865, 39104, 39327, 39471, 39844, 40023, 40643, 40743, 40843, 41069, 41231, 41520, 41625, 41774, 41875, 42142, 42579, 42980, 43291, 43475, 43601, 43961, 44097, 44197, 44364, 44597, 44697, 45163, 45266, 45436, 45851, 46085, 46283, 46404, 46506, 46606, 46725, 46852, 47016, 47298, 47567, 47789, 47889, 48017, 48126, 48226, 48387, 48487, 48662, 48762, 48862, 48993, 49118, 49218, 49343, 49443, 49543, 49714, 49814, 49914, 50014, 50114, 50260, 50360, 50496, 50596, 50735, 50835, 51058, 51158, 51282, 51473, 51586, 51696, 51796, 51897, 52042, 52142, 52314, 52414, 52598, 52698, 52820, 52920, 53020, 53120, 53220, 53320, 53420, 53520, 53631, 53745, 53991, 54123, 54482, 54805, 55040, 55258, 55398, 55528, 55760, 55966, 56120, 56318, 56505, 56647, 56771, 56871, 57052, 57152, 57356, 57456, 57601, 57784, 57884, 58038, 58168, 58268, 58405, 58524, 58653, 58885, 59011, 59157, 59269, 59636, 59792, 59892, 59996, 60096, 60225, 60603, 60801, 60915, 61043, 61143, 61243, 61377, 61753, 61903, 62072, 62403, 62595, 62888, 63001, 63215, 63388, 63500, 63633, 63770, 63870, 64295, 64672, 64830, 64930, 65183, 65295, 65585, 65685, 65876, 66272, 66415, 66632, 66946, 67157, 67594, 67968, 68189, 68442, 68549, 68652, 68886, 68995, 69139, 69323, 69643, 69952, 70158, 70529, 70859, 71448, 71598, 71782, 72074, 72176, 72283, 72542, 72653, 72753, 72853, 73013, 73233, 73388, 73488, 73647, 73840, 74020, 74120, 74230, 74340, 74481, 74589, 74689, 74789, 74939, 75139, 75240, 75340, 75483, 75606, 75712, 75825, 75925, 76037, 76137, 76237, 76384, 76484, 76584, 76692, 76792, 76903, 77009, 77126, 77262, 77362, 77510, 77610, 77710, 77810, 77935, 78080, 78182, 78282, 78395, 78538, 78736, 78954, 79054, 79154, 79254, 79354, 79524, 79624, 79770, 79879]"
1663129820,2,100,0.005,0.0018458637762257188,0.001900545746266819,0.3058823529411765,0.30024379571169596,0.6713633806338688,0.6765518534725261,0.2824474041486233,0.26444543334786724,0.6600029830273944,0.6648212666864136,9.809823911028731,407.10769230769233,41.5,0.0,"[454, 573, 1121, 1445, 2115, 2345, 3118, 3954, 4850, 5009, 5525, 5641, 5820, 6180, 6740, 6842, 7123, 7451, 7570, 7683, 8410, 9175, 9441, 10870, 11614, 12620, 13780, 14979, 15122, 15330, 17121, 18937, 19114, 19336, 19989, 20089, 20272, 20483, 20711, 21046, 21391, 21596, 21873, 21974, 22227, 22329, 22460, 22574, 22783, 22940, 23040, 23250, 23350, 23456, 23556, 23680, 23896, 24097, 24230, 24600, 24807, 24912, 25230, 25637, 25737, 25845, 26253, 26399, 26499, 26599, 26804, 27842, 27942, 28344, 29263, 29466, 29752, 30057, 30324, 30798, 30984, 31172, 31318, 31841, 31941, 32126, 32576, 32872, 33018, 33231, 33885, 33985, 34169, 34302, 36184, 37107, 38882, 39868, 40048, 40662, 43019, 43482, 43997, 44139, 44657, 46133, 46287, 46627, 46913, 47351, 47871, 48159, 48479, 48664, 48775, 48921, 49193, 49539, 49741, 49936, 50049, 50265, 50365, 50744, 50844, 51101, 51298, 51510, 51700, 51909, 52042, 52142, 52380, 52619, 52836, 52956, 53083, 53195, 53316, 53416, 53643, 54864, 56673, 57064, 57403, 57601, 57820, 57920, 58062, 58236, 58410, 59282, 59816, 59916, 60051, 60832, 61091, 62464, 63012, 63829, 65918, 66288, 66686, 68481, 69153, 70902, 72085, 72292, 72689, 72789, 73041, 73427, 74481, 74612, 74712, 75145, 75342, 75513, 75827, 75951, 76164, 76273, 76426, 76632, 76732, 76917, 77265, 77510, 77641, 77787, 78238, 78636, 78766, 78963, 79217, 79356, 79612, 79840]"
1663130803,2,250,0.05,0.01839997777361033,0.018625019969021966,0.3058823529411765,0.30024379571169596,0.6370819528661624,0.6354941551540914,0.2824474041486233,0.26444543334786724,0.6118275758282831,0.6103857896727832,126.4677966101695,3730.8,29.5,0.0,"[22052, 23159, 23478, 23728, 26571, 26821, 30465, 31994, 50107, 50465, 52616, 53170, 53420, 53670, 68652, 75495, 76737, 78014]"
1663132412,2,250,0.005,0.03562890264146749,0.03374243781820202,0.3058823529411765,0.30024379571169596,0.6265424767143839,0.6039257360755141,0.2824474041486233,0.26444543334786724,0.59756651078802,0.5776091830981392,291.6775956284153,8896.166666666666,30.5,0.0,"[23485, 23735, 26573, 26823, 50214, 53170, 53420, 53670, 76862]"
1663134060,2,500,0.05,0.04554603988247796,0.04346350655033533,0.3058823529411765,0.30024379571169596,0.6247046321185222,0.6044883415640433,0.2824474041486233,0.26444543334786724,0.5960371286668337,0.5785228126406834,1404.3947368421052,13341.75,9.5,0.0,"[23427, 26579, 27079, 50202, 53372, 53872, 76794]"
1663136052,2,500,0.005,0.07844283303119334,0.07215102831780958,0.3058823529411765,0.30024379571169596,0.6196536850659499,0.5888479089829343,0.2824474041486233,0.26444543334786724,0.591981767023006,0.565997496719548,2232.333333333333,26788.0,12.0,0.0,"[26584, 27084, 53372, 53872]"
1663138072,2,1000,0.05,0.044840550460354164,0.04340456692772752,0.3058823529411765,0.30024379571169596,0.6197662061636556,0.6040757642057886,0.2824474041486233,0.26444543334786724,0.5949739790155625,0.5813757009568615,605.8409090909091,13328.5,22.0,0.0,"[23844, 26597, 27597, 50568, 53379, 54379, 77158]"
1663140754,2,1000,0.005,0.07755829217978372,0.07242607988997936,0.3058823529411765,0.30024379571169596,0.6161155216603114,0.5899481152716134,0.2824474041486233,0.26444543334786724,0.5917600184722511,0.5697033663113408,669.5,26780.0,40.0,0.0,"[26616, 27616, 53396, 54396]"
1663143530,3,100,0.05,0.0007697642451428594,0.0008099484392081544,0.3058823529411765,0.30024379571169596,0.6653622554228918,0.6784897168219041,0.2824474041486233,0.26444543334786724,0.6622565352098082,0.6752327676391049,3.265927750410509,171.46120689655172,52.5,0.0,"[321, 441, 541, 776, 1112, 1442, 1542, 1775, 2115, 2291, 2503, 3038, 3138, 3318, 3435, 3646, 3780, 3880, 3980, 4080, 4288, 4395, 4497, 4666, 4812, 4930, 5030, 5130, 5374, 5502, 5640, 5787, 5935, 6035, 6159, 6259, 6393, 6498, 6724, 6824, 6938, 7081, 7181, 7391, 7491, 7591, 7691, 7805, 7967, 8074, 8403, 8503, 8891, 8991, 9168, 9319, 9421, 9627, 9758, 9861, 10818, 11233, 11350, 11580, 12104, 12402, 12586, 12686, 13015, 13418, 13655, 13755, 14112, 14282, 14430, 14644, 14920, 15110, 15295, 15395, 15631, 15892, 16165, 16290, 16390, 16490, 16759, 17112, 17329, 17534, 17724, 18141, 18412, 18526, 18630, 18730, 18834, 18934, 19045, 19318, 19418, 19518, 19771, 19899, 19999, 20099, 20232, 20469, 20576, 20692, 20847, 21013, 21113, 21214, 21387, 21564, 21671, 21846, 21959, 22059, 22220, 22320, 22420, 22525, 22736, 22878, 22978, 23078, 23235, 23335, 23435, 23535, 23678, 23778, 23888, 24045, 24145, 24245, 24478, 24582, 24686, 24796, 24896, 24996, 25096, 25201, 25301, 25490, 25604, 25704, 25804, 25921, 26096, 26213, 26317, 26417, 26517, 26617, 26766, 26866, 27004, 27271, 27449, 27667, 27802, 27902, 28002, 28320, 28499, 28673, 28842, 28981, 29258, 29423, 29678, 29778, 29953, 30053, 30253, 30353, 30512, 30777, 30962, 31116, 31216, 31316, 31436, 31543, 31800, 31900, 32000, 32106, 32229, 32330, 32430, 32533, 32733, 32844, 32997, 33097, 33197, 33331, 33483, 33643, 33838, 33938, 34126, 34300, 34765, 35032, 35132, 35822, 36057, 36157, 36434, 36694, 36911, 37071, 37321, 37789, 38068, 38290, 38440, 38865, 39104, 39330, 39471, 39844, 40023, 40643, 40743, 40843, 41069, 41231, 41556, 41681, 41835, 42145, 42579, 42981, 43291, 43475, 43601, 43961, 44097, 44197, 44364, 44597, 44697, 45181, 45335, 45436, 45851, 46085, 46283, 46404, 46506, 46606, 46725, 46852, 47016, 47298, 47567, 47790, 47890, 48017, 48126, 48226, 48389, 48489, 48662, 48762, 48862, 48993, 49118, 49218, 49344, 49444, 49544, 49714, 49814, 49914, 50014, 50114, 50260, 50360, 50497, 50597, 50735, 50835, 51059, 51159, 51282, 51473, 51586, 51696, 51796, 51898, 52042, 52142, 52314, 52414, 52598, 52698, 52820, 52920, 53020, 53120, 53220, 53320, 53420, 53520, 53631, 53745, 53991, 54123, 54482, 54805, 55042, 55258, 55405, 55528, 55760, 55966, 56123, 56320, 56505, 56647, 56771, 56871, 57052, 57152, 57356, 57456, 57601, 57784, 57884, 58038, 58169, 58269, 58405, 58524, 58653, 58885, 59013, 59157, 59269, 59636, 59800, 59900, 60027, 60127, 60251, 60603, 60801, 60915, 61043, 61143, 61243, 61377, 61753, 61903, 62072, 62403, 62595, 62888, 63001, 63215, 63388, 63500, 63770, 63870, 64297, 64673, 64830, 64930, 65183, 65295, 65586, 65686, 65876, 66272, 66415, 66634, 66946, 67157, 67594, 67968, 68189, 68442, 68549, 68652, 68933, 69033, 69139, 69323, 69643, 69952, 70158, 70529, 70859, 71448, 71598, 71782, 72074, 72176, 72283, 72542, 72653, 72753, 72853, 73013, 73233, 73388, 73488, 73647, 73840, 74020, 74120, 74230, 74340, 74481, 74589, 74689, 74789, 74939, 75139, 75241, 75341, 75483, 75606, 75712, 75825, 75925, 76037, 76137, 76237, 76384, 76484, 76584, 76692, 76792, 76903, 77009, 77126, 77262, 77362, 77510, 77610, 77710, 77810, 77935, 78080, 78182, 78282, 78395, 78538, 78736, 78954, 79054, 79154, 79254, 79354, 79524, 79624, 79770, 79879]"
1663144220,3,100,0.005,0.001861770401747282,0.001915651062746854,0.3058823529411765,0.30024379571169596,0.672651122085391,0.6776270550728262,0.2824474041486233,0.26444543334786724,0.6612314283978408,0.6658448179573894,9.62838083687083,409.2061855670103,42.5,0.0,"[454, 577, 1121, 1445, 2119, 2345, 3118, 3954, 4850, 5009, 5525, 5641, 5821, 6180, 6740, 6842, 7123, 7452, 7570, 7683, 8410, 9175, 9441, 10872, 11616, 12620, 13781, 14979, 15122, 15330, 17122, 18937, 19114, 19336, 19989, 20089, 20272, 20483, 20711, 21046, 21391, 21596, 21873, 21974, 22227, 22329, 22460, 22575, 22784, 22940, 23040, 23250, 23350, 23456, 23556, 23680, 23896, 24099, 24230, 24600, 24807, 24912, 25230, 25637, 25737, 25845, 26253, 26400, 26500, 26600, 26807, 27843, 27943, 28347, 29263, 29470, 29752, 30057, 30324, 30798, 30984, 31172, 31318, 31845, 31945, 32126, 32576, 32872, 33018, 33231, 33885, 33985, 34169, 34302, 36184, 37107, 38882, 39868, 40662, 43019, 43482, 43997, 44139, 44657, 46133, 46287, 46627, 46913, 47351, 47871, 48159, 48479, 48664, 48777, 48921, 49193, 49539, 49741, 49936, 50049, 50265, 50365, 50744, 50844, 51101, 51298, 51510, 51700, 51909, 52042, 52142, 52380, 52619, 52836, 52956, 53083, 53195, 53317, 53417, 53664, 54872, 56673, 57070, 57403, 57601, 57820, 57920, 58062, 58236, 58410, 59283, 59816, 59917, 60051, 60833, 61091, 62464, 63012, 63829, 65919, 66288, 66686, 68481, 69153, 70902, 72085, 72292, 72689, 72789, 73041, 73427, 74481, 74612, 74712, 75147, 75342, 75540, 75827, 75954, 76164, 76273, 76426, 76632, 76732, 76917, 77265, 77510, 77641, 77787, 78238, 78636, 78766, 78963, 79218, 79356, 79612, 79840]"
1663145333,3,250,0.05,0.01948527113539671,0.019720609378964436,0.3058823529411765,0.30024379571169596,0.6371319622429206,0.6354941551540914,0.2824474041486233,0.26444543334786724,0.6119006784706528,0.6103841023433805,135.50121065375302,3997.285714285714,29.5,0.0,"[22052, 23159, 23479, 23729, 26571, 26821, 30471, 31994, 50107, 50466, 53170, 53420, 53670, 68652, 75495, 76737, 78014]"
1663147212,3,250,0.005,0.03562890264146749,0.03374243781820202,0.3058823529411765,0.30024379571169596,0.6265424767143839,0.6039257360755141,0.2824474041486233,0.26444543334786724,0.59756651078802,0.5776091830981392,291.6775956284153,8896.166666666666,30.5,0.0,"[23485, 23735, 26573, 26823, 50214, 53170, 53420, 53670, 76862]"
1663149129,3,500,0.05,0.0455424677841381,0.04345993445199547,0.3058823529411765,0.30024379571169596,0.6246796274301432,0.6044633368756642,0.2824474041486233,0.26444543334786724,0.5960161438015041,0.5785037650160666,1404.657894736842,13344.25,9.5,0.0,"[23431, 26579, 27079, 50202, 53372, 53872, 76808]"
1663151431,3,500,0.005,0.07844283303119334,0.07215102831780958,0.3058823529411765,0.30024379571169596,0.6196536850659499,0.5888479089829343,0.2824474041486233,0.26444543334786724,0.591981767023006,0.565997496719548,2232.333333333333,26788.0,12.0,0.0,"[26584, 27084, 53372, 53872]"
1663153775,3,1000,0.05,0.04484233650952411,0.043395636681877854,0.3058823529411765,0.30024379571169596,0.6197787085078452,0.604013252484841,0.2824474041486233,0.26444543334786724,0.5949943057115332,0.5813240853540838,605.875,13329.25,22.0,0.0,"[23849, 26597, 27597, 50576, 53379, 54379, 77166]"
1663157017,3,1000,0.005,0.07755829217978372,0.07242607988997936,0.3058823529411765,0.30024379571169596,0.6161155216603114,0.5899481152716134,0.2824474041486233,0.26444543334786724,0.5917600184722511,0.5697033663113408,669.5,26780.0,40.0,0.0,"[26616, 27616, 53396, 54396]"
1663160367,2,100,0.05,0.0007651966658642112,0.0008050977643414522,0.3058823529411765,0.30024379571169596,0.6655247858973558,0.6786397449521785,0.2824474041486233,0.26444543334786724,0.6623846118287746,0.6753387551196194,3.2449474864892425,170.35974304068523,52.5,0.0,"[321, 441, 541, 776, 1112, 1442, 1542, 1770, 2115, 2291, 2503, 2882, 3038, 3138, 3254, 3435, 3645, 3780, 3880, 3980, 4080, 4287, 4395, 4497, 4666, 4812, 4930, 5030, 5130, 5374, 5502, 5640, 5786, 5932, 6034, 6159, 6259, 6393, 6493, 6724, 6824, 6938, 7081, 7181, 7377, 7491, 7591, 7691, 7800, 7967, 8074, 8403, 8503, 8891, 8991, 9168, 9319, 9419, 9626, 9757, 9861, 10818, 11233, 11344, 11580, 12104, 12399, 12586, 12686, 13015, 13418, 13653, 13753, 14109, 14282, 14430, 14644, 14920, 15110, 15295, 15395, 15631, 15892, 16165, 16290, 16390, 16490, 16759, 17112, 17329, 17534, 17724, 18141, 18412, 18525, 18630, 18730, 18834, 18934, 19045, 19318, 19418, 19518, 19769, 19899, 19999, 20099, 20232, 20469, 20576, 20692, 20847, 21013, 21113, 21214, 21387, 21564, 21671, 21846, 21959, 22059, 22220, 22320, 22420, 22524, 22733, 22878, 22978, 23078, 23235, 23335, 23435, 23535, 23678, 23778, 23888, 24005, 24105, 24205, 24477, 24582, 24686, 24796, 24896, 24996, 25096, 25201, 25301, 25490, 25604, 25704, 25804, 25921, 26096, 26213, 26317, 26417, 26517, 26617, 26766, 26866, 27004, 27271, 27449, 27667, 27798, 27898, 27998, 28320, 28499, 28673, 28842, 28981, 29258, 29423, 29678, 29778, 29953, 30053, 30253, 30353, 30512, 30777, 30962, 31116, 31216, 31316, 31426, 31543, 31800, 31900, 32000, 32106, 32226, 32330, 32430, 32533, 32733, 32844, 32997, 33097, 33197, 33331, 33483, 33643, 33838, 33938, 34126, 34300, 34762, 35032, 35132, 35822, 36057, 36157, 36433, 36694, 36911, 37071, 37321, 37789, 38068, 38290, 38435, 38865, 39104, 39327, 39471, 39844, 40023, 40643, 40743, 40843, 41069, 41231, 41520, 41625, 41774, 41875, 42142, 42579, 42980, 43291, 43475, 43601, 43961, 44097, 44197, 44364, 44597, 44697, 45163, 45266, 45436, 45851, 46078, 46283, 46404, 46506, 46606, 46725, 46852, 47016, 47298, 47567, 47789, 47889, 48017, 48126, 48226, 48387, 48487, 48662, 48762, 48862, 48993, 49118, 49218, 49343, 49443, 49543, 49714, 49814, 49914, 50014, 50114, 50260, 50360, 50496, 50596, 50735, 50835, 51058, 51158, 51282, 51473, 51586, 51696, 51796, 51897, 52042, 52142, 52314, 52414, 52598, 52698, 52820, 52920, 53020, 53120, 53220, 53320, 53420, 53520, 53631, 53745, 53991, 54123, 54482, 54805, 55040, 55258, 55398, 55528, 55760, 55966, 56120, 56318, 56505, 56647, 56771, 56871, 57052, 57152, 57356, 57456, 57601, 57784, 57884, 58038, 58168, 58268, 58405, 58524, 58653, 58885, 59011, 59157, 59269, 59636, 59792, 59892, 59996, 60096, 60225, 60603, 60801, 60915, 61043, 61143, 61243, 61377, 61753, 61903, 62072, 62403, 62595, 62888, 63001, 63215, 63388, 63500, 63633, 63770, 63870, 64295, 64672, 64830, 64930, 65183, 65295, 65585, 65685, 65876, 66272, 66415, 66632, 66946, 67157, 67594, 67968, 68189, 68442, 68549, 68652, 68886, 68996, 69139, 69323, 69643, 69952, 70158, 70529, 70859, 71448, 71598, 71782, 72074, 72176, 72283, 72542, 72653, 72753, 72853, 73013, 73233, 73388, 73488, 73647, 73840, 74020, 74120, 74230, 74340, 74481, 74589, 74689, 74789, 74939, 75139, 75240, 75340, 75483, 75606, 75712, 75825, 75925, 76037, 76137, 76237, 76384, 76484, 76584, 76692, 76792, 76903, 77009, 77126, 77262, 77362, 77510, 77610, 77710, 77810, 77935, 78080, 78182, 78282, 78395, 78538, 78736, 78954, 79054, 79154, 79254, 79354, 79524, 79624, 79770, 79879]"
1663160973,2,100,0.005,0.0018460532056831362,0.001900545746266819,0.3058823529411765,0.30024379571169596,0.6714008876664375,0.6765518534725261,0.2824474041486233,0.26444543334786724,0.6600443304954917,0.6648176590871869,9.809823911028731,407.10769230769233,41.5,0.0,"[454, 573, 1121, 1445, 2115, 2345, 3118, 3954, 4850, 5009, 5525, 5641, 5820, 6180, 6740, 6842, 7123, 7451, 7570, 7683, 8410, 9175, 9441, 10872, 11614, 12620, 13780, 14979, 15122, 15330, 17121, 18937, 19114, 19336, 19989, 20089, 20272, 20483, 20711, 21046, 21391, 21596, 21873, 21974, 22227, 22329, 22460, 22574, 22783, 22940, 23040, 23250, 23350, 23456, 23556, 23680, 23896, 24097, 24230, 24600, 24807, 24912, 25230, 25637, 25737, 25845, 26253, 26399, 26499, 26599, 26804, 27842, 27942, 28344, 29263, 29466, 29752, 30057, 30324, 30798, 30984, 31172, 31318, 31841, 31941, 32126, 32576, 32872, 33018, 33231, 33885, 33985, 34169, 34302, 36184, 37107, 38882, 39868, 40048, 40662, 43019, 43482, 43997, 44139, 44654, 46131, 46287, 46627, 46913, 47351, 47871, 48159, 48479, 48664, 48775, 48921, 49193, 49539, 49741, 49936, 50049, 50265, 50365, 50744, 50844, 51101, 51298, 51510, 51700, 51909, 52042, 52142, 52380, 52619, 52836, 52956, 53083, 53195, 53316, 53416, 53643, 54864, 56673, 57064, 57403, 57601, 57820, 57920, 58062, 58236, 58410, 59282, 59816, 59916, 60051, 60832, 61091, 62464, 63012, 63829, 65918, 66288, 66686, 68481, 69153, 70902, 72085, 72292, 72689, 72789, 73041, 73427, 74481, 74612, 74712, 75145, 75342, 75513, 75827, 75951, 76164, 76273, 76425, 76632, 76732, 76917, 77265, 77510, 77641, 77787, 78238, 78636, 78766, 78963, 79217, 79356, 79612, 79840]"
1663161933,2,250,0.05,0.01839997777361033,0.018625019969021966,0.3058823529411765,0.30024379571169596,0.6370819528661624,0.6354941551540914,0.2824474041486233,0.26444543334786724,0.6118275758282831,0.6103857896727832,126.4677966101695,3730.8,29.5,0.0,"[22052, 23159, 23478, 23728, 26571, 26821, 30465, 31994, 50107, 50465, 52616, 53170, 53420, 53670, 68652, 75495, 76737, 78014]"
1663163514,2,250,0.005,0.03562890264146749,0.03374243781820202,0.3058823529411765,0.30024379571169596,0.6265424767143839,0.6039257360755141,0.2824474041486233,0.26444543334786724,0.59756651078802,0.5776091830981392,291.6775956284153,8896.166666666666,30.5,0.0,"[23485, 23735, 26573, 26823, 50214, 53170, 53420, 53670, 76862]"
1663165155,2,500,0.05,0.04554603988247796,0.04346350655033533,0.3058823529411765,0.30024379571169596,0.6247046321185222,0.6044883415640433,0.2824474041486233,0.26444543334786724,0.5960371286668337,0.5785228126406834,1404.3947368421052,13341.75,9.5,0.0,"[23427, 26579, 27079, 50202, 53372, 53872, 76794]"
1663167167,2,500,0.005,0.07844283303119334,0.07215102831780958,0.3058823529411765,0.30024379571169596,0.6196536850659499,0.5888479089829343,0.2824474041486233,0.26444543334786724,0.591981767023006,0.565997496719548,2232.333333333333,26788.0,12.0,0.0,"[26584, 27084, 53372, 53872]"
1663169211,2,1000,0.05,0.044840550460354164,0.04340456692772752,0.3058823529411765,0.30024379571169596,0.6197662061636556,0.6040757642057886,0.2824474041486233,0.26444543334786724,0.5949739790155625,0.5813757009568615,605.8409090909091,13328.5,22.0,0.0,"[23844, 26597, 27597, 50568, 53379, 54379, 77158]"
1663171951,2,1000,0.005,0.07755829217978372,0.07242607988997936,0.3058823529411765,0.30024379571169596,0.6161155216603114,0.5899481152716134,0.2824474041486233,0.26444543334786724,0.5917600184722511,0.5697033663113408,669.5,26780.0,40.0,0.0,"[26616, 27616, 53396, 54396]"
1663174785,3,100,0.05,0.0007693091276884223,0.0008094397785237836,0.3058823529411765,0.30024379571169596,0.6651497155716697,0.678252172282303,0.2824474041486233,0.26444543334786724,0.6620271521888142,0.6749820678572025,3.265927750410509,171.46120689655172,52.5,0.0,"[321, 441, 541, 776, 1112, 1442, 1542, 1775, 2115, 2291, 2503, 3038, 3138, 3317, 3435, 3646, 3780, 3880, 3980, 4080, 4288, 4395, 4497, 4666, 4812, 4930, 5030, 5130, 5374, 5502, 5640, 5787, 5935, 6035, 6159, 6259, 6393, 6498, 6724, 6824, 6939, 7081, 7181, 7391, 7491, 7591, 7691, 7805, 7967, 8074, 8403, 8503, 8891, 8991, 9168, 9319, 9421, 9627, 9759, 9861, 10818, 11233, 11350, 11580, 12104, 12402, 12586, 12686, 13015, 13418, 13655, 13755, 14112, 14282, 14430, 14644, 14920, 15110, 15295, 15395, 15631, 15892, 16165, 16290, 16390, 16490, 16759, 17112, 17329, 17534, 17724, 18141, 18412, 18526, 18630, 18730, 18834, 18934, 19045, 19318, 19418, 19518, 19769, 19899, 19999, 20099, 20232, 20469, 20576, 20692, 20847, 21013, 21113, 21214, 21387, 21564, 21671, 21846, 21959, 22059, 22220, 22320, 22420, 22525, 22736, 22878, 22978, 23078, 23235, 23335, 23435, 23535, 23678, 23778, 23888, 24045, 24145, 24245, 24478, 24582, 24686, 24796, 24896, 24996, 25096, 25201, 25301, 25490, 25604, 25704, 25804, 25921, 26096, 26213, 26317, 26417, 26517, 26617, 26766, 26866, 27004, 27271, 27449, 27667, 27802, 27902, 28002, 28320, 28499, 28673, 28842, 28981, 29258, 29423, 29678, 29778, 29953, 30053, 30253, 30353, 30512, 30777, 30962, 31116, 31216, 31316, 31436, 31543, 31804, 31904, 32004, 32106, 32229, 32330, 32430, 32533, 32733, 32844, 32997, 33097, 33197, 33331, 33483, 33643, 33838, 33938, 34126, 34300, 34765, 35032, 35132, 35822, 36057, 36157, 36434, 36694, 36911, 37071, 37321, 37789, 38068, 38290, 38440, 38865, 39104, 39330, 39471, 39844, 40023, 40643, 40743, 40843, 41069, 41231, 41556, 41681, 41835, 42142, 42579, 42981, 43291, 43475, 43634, 43961, 44097, 44197, 44364, 44597, 44697, 45181, 45335, 45436, 45851, 46085, 46283, 46404, 46506, 46606, 46725, 46852, 47016, 47298, 47567, 47790, 47890, 48017, 48126, 48226, 48389, 48489, 48662, 48762, 48862, 48993, 49118, 49218, 49344, 49444, 49544, 49714, 49814, 49914, 50014, 50114, 50260, 50360, 50497, 50597, 50735, 50835, 51059, 51159, 51282, 51473, 51586, 51696, 51796, 51898, 52042, 52142, 52314, 52414, 52598, 52698, 52820, 52920, 53020, 53120, 53220, 53320, 53420, 53520, 53631, 53745, 53991, 54123, 54482, 54805, 55042, 55258, 55405, 55528, 55760, 55966, 56123, 56320, 56505, 56647, 56771, 56871, 57052, 57152, 57356, 57456, 57601, 57784, 57884, 58038, 58169, 58269, 58405, 58524, 58653, 58885, 59013, 59157, 59269, 59636, 59800, 59900, 60027, 60127, 60251, 60603, 60801, 60915, 61043, 61143, 61243, 61377, 61753, 61903, 62072, 62403, 62595, 62888, 63001, 63215, 63388, 63500, 63770, 63870, 64297, 64673, 64830, 64930, 65183, 65295, 65586, 65686, 65876, 66273, 66415, 66635, 66946, 67157, 67594, 67968, 68189, 68442, 68549, 68652, 68933, 69033, 69139, 69323, 69643, 69952, 70158, 70529, 70859, 71448, 71598, 71782, 72074, 72176, 72283, 72542, 72653, 72753, 72853, 73013, 73233, 73388, 73488, 73647, 73840, 74020, 74120, 74230, 74340, 74481, 74589, 74689, 74789, 74939, 75139, 75241, 75341, 75483, 75606, 75712, 75825, 75925, 76037, 76137, 76237, 76384, 76484, 76584, 76692, 76792, 76903, 77009, 77126, 77262, 77362, 77510, 77610, 77710, 77810, 77935, 78080, 78182, 78282, 78395, 78538, 78736, 78954, 79054, 79154, 79254, 79354, 79524, 79624, 79770, 79879]"
1663175487,3,100,0.005,0.001862278111155994,0.0019153972080424978,0.3058823529411765,0.30024379571169596,0.6727511408389073,0.677577045696068,0.2824474041486233,0.26444543334786724,0.6613472871638252,0.6657902091373458,9.62838083687083,409.2061855670103,42.5,0.0,"[454, 577, 1121, 1445, 2119, 2345, 3118, 3954, 4850, 5009, 5525, 5641, 5821, 6180, 6740, 6842, 7123, 7452, 7570, 7683, 8410, 9175, 9441, 10872, 11616, 12620, 13781, 14979, 15122, 15330, 17122, 18937, 19114, 19336, 19989, 20089, 20272, 20483, 20711, 21046, 21391, 21596, 21873, 21975, 22227, 22329, 22460, 22574, 22784, 22940, 23040, 23250, 23350, 23456, 23556, 23680, 23896, 24099, 24230, 24600, 24807, 24912, 25230, 25637, 25737, 25845, 26253, 26400, 26500, 26600, 26805, 27843, 27943, 28347, 29263, 29470, 29752, 30057, 30324, 30798, 30984, 31172, 31318, 31845, 31946, 32126, 32576, 32872, 33018, 33231, 33885, 33985, 34169, 34302, 36184, 37107, 38882, 39868, 40662, 43019, 43482, 43997, 44139, 44657, 46133, 46287, 46627, 46913, 47351, 47871, 48159, 48479, 48664, 48777, 48921, 49193, 49539, 49741, 49936, 50049, 50265, 50365, 50744, 50844, 51101, 51298, 51510, 51700, 51909, 52042, 52142, 52380, 52619, 52836, 52956, 53083, 53195, 53317, 53417, 53664, 54872, 56673, 57069, 57403, 57601, 57820, 57920, 58062, 58236, 58410, 59283, 59816, 59916, 60051, 60833, 61091, 62464, 63012, 63829, 65918, 66288, 66686, 68481, 69153, 70902, 72085, 72292, 72689, 72789, 73041, 73427, 74481, 74612, 74712, 75147, 75342, 75540, 75827, 75954, 76164, 76273, 76426, 76632, 76732, 76917, 77265, 77510, 77641, 77787, 78238, 78636, 78766, 78963, 79218, 79356, 79612, 79840]"
1663176615,3,250,0.05,0.019488212863441306,0.019722815674997885,0.3058823529411765,0.30024379571169596,0.6371819716196787,0.63553166218666,0.2824474041486233,0.26444543334786724,0.6119509321749299,0.610413989497572,135.50121065375302,3997.285714285714,29.5,0.0,"[22052, 23159, 23479, 23729, 26571, 26821, 30470, 31994, 50107, 50466, 53170, 53420, 53670, 68652, 75495, 76737, 78014]"
1663178481,3,250,0.005,0.03562890264146749,0.03374243781820202,0.3058823529411765,0.30024379571169596,0.6265424767143839,0.6039257360755141,0.2824474041486233,0.26444543334786724,0.59756651078802,0.5776091830981392,291.6775956284153,8896.166666666666,30.5,0.0,"[23485, 23735, 26573, 26823, 50214, 53170, 53420, 53670, 76862]"
1663180381,3,500,0.05,0.0455424677841381,0.04345993445199547,0.3058823529411765,0.30024379571169596,0.6246796274301432,0.6044633368756642,0.2824474041486233,0.26444543334786724,0.5960161438015041,0.5785037650160666,1404.657894736842,13344.25,9.5,0.0,"[23431, 26579, 27079, 50202, 53372, 53872, 76808]"
1663182709,3,500,0.005,0.07844283303119334,0.07215102831780958,0.3058823529411765,0.30024379571169596,0.6196536850659499,0.5888479089829343,0.2824474041486233,0.26444543334786724,0.591981767023006,0.565997496719548,2232.333333333333,26788.0,12.0,0.0,"[26584, 27084, 53372, 53872]"
1663185101,3,1000,0.05,0.04484233650952411,0.043395636681877854,0.3058823529411765,0.30024379571169596,0.6197787085078452,0.604013252484841,0.2824474041486233,0.26444543334786724,0.5949943057115332,0.5813240853540838,605.875,13329.25,22.0,0.0,"[23849, 26597, 27597, 50576, 53379, 54379, 77166]"
1663188361,3,1000,0.005,0.07755829217978372,0.07242607988997936,0.3058823529411765,0.30024379571169596,0.6161155216603114,0.5899481152716134,0.2824474041486233,0.26444543334786724,0.5917600184722511,0.5697033663113408,669.5,26780.0,40.0,0.0,"[26616, 27616, 53396, 54396]"
1663191722,2,100,0.05,0.00076564887831362,0.0008053371709323158,0.3058823529411765,0.30024379571169596,0.6657373257485779,0.6787522660498844,0.2824474041486233,0.26444543334786724,0.6626069726933418,0.6753947572038331,3.2449474864892425,170.35974304068523,52.5,0.0,"[321, 441, 541, 776, 1112, 1442, 1542, 1770, 2115, 2291, 2503, 2882, 3038, 3138, 3254, 3435, 3645, 3780, 3880, 3980, 4080, 4287, 4395, 4497, 4666, 4812, 4930, 5030, 5130, 5374, 5502, 5640, 5786, 5932, 6034, 6159, 6259, 6393, 6493, 6724, 6824, 6938, 7081, 7181, 7377, 7491, 7591, 7691, 7800, 7967, 8074, 8403, 8503, 8891, 8991, 9168, 9319, 9419, 9626, 9757, 9861, 10818, 11233, 11344, 11580, 12104, 12399, 12586, 12686, 13015, 13417, 13653, 13753, 14109, 14282, 14430, 14644, 14920, 15110, 15295, 15395, 15631, 15892, 16165, 16290, 16390, 16490, 16759, 17112, 17329, 17534, 17724, 18141, 18412, 18526, 18630, 18730, 18834, 18934, 19045, 19318, 19418, 19518, 19769, 19899, 19999, 20099, 20232, 20469, 20576, 20692, 20847, 21013, 21113, 21214, 21387, 21564, 21671, 21846, 21959, 22059, 22220, 22320, 22420, 22524, 22733, 22878, 22978, 23078, 23235, 23335, 23435, 23535, 23678, 23778, 23888, 24005, 24105, 24205, 24477, 24582, 24686, 24796, 24896, 24996, 25096, 25201, 25301, 25490, 25604, 25704, 25804, 25921, 26096, 26213, 26317, 26417, 26517, 26617, 26766, 26866, 27004, 27271, 27449, 27667, 27798, 27898, 27998, 28320, 28499, 28673, 28842, 28981, 29258, 29423, 29678, 29778, 29953, 30053, 30253, 30353, 30512, 30777, 30962, 31116, 31216, 31316, 31426, 31543, 31800, 31900, 32000, 32106, 32225, 32328, 32428, 32533, 32733, 32844, 32997, 33097, 33197, 33331, 33483, 33643, 33838, 33938, 34126, 34300, 34762, 35015, 35115, 35822, 36057, 36157, 36433, 36694, 36911, 37071, 37321, 37789, 38068, 38290, 38435, 38865, 39104, 39327, 39471, 39844, 40023, 40643, 40743, 40843, 41069, 41231, 41520, 41625, 41774, 41875, 42142, 42579, 42980, 43291, 43475, 43601, 43961, 44097, 44197, 44364, 44597, 44697, 45181, 45335, 45436, 45851, 46078, 46283, 46404, 46506, 46606, 46725, 46852, 47016, 47298, 47567, 47789, 47889, 48017, 48126, 48226, 48387, 48487, 48662, 48762, 48862, 48993, 49118, 49218, 49343, 49443, 49543, 49714, 49814, 49914, 50014, 50114, 50260, 50360, 50496, 50596, 50735, 50835, 51058, 51158, 51282, 51473, 51586, 51696, 51796, 51897, 52042, 52142, 52314, 52414, 52598, 52698, 52820, 52920, 53020, 53120, 53220, 53320, 53420, 53520, 53631, 53745, 53991, 54123, 54482, 54805, 55040, 55258, 55398, 55528, 55760, 55966, 56120, 56318, 56505, 56647, 56771, 56871, 57052, 57152, 57356, 57456, 57601, 57784, 57884, 58038, 58168, 58268, 58405, 58524, 58653, 58885, 59011, 59157, 59269, 59636, 59792, 59892, 59996, 60096, 60225, 60603, 60801, 60915, 61043, 61143, 61243, 61377, 61753, 61903, 62072, 62403, 62595, 62888, 63001, 63215, 63388, 63500, 63633, 63770, 63870, 64295, 64672, 64830, 64930, 65183, 65295, 65585, 65685, 65876, 66272, 66415, 66632, 66946, 67157, 67594, 67968, 68189, 68442, 68549, 68652, 68886, 68996, 69139, 69323, 69643, 69952, 70158, 70529, 70859, 71448, 71598, 71782, 72074, 72176, 72283, 72542, 72653, 72753, 72853, 73013, 73233, 73388, 73488, 73647, 73840, 74020, 74120, 74230, 74340, 74481, 74589, 74689, 74789, 74939, 75139, 75240, 75340, 75483, 75606, 75712, 75825, 75925, 76037, 76137, 76237, 76384, 76484, 76584, 76692, 76792, 76903, 77009, 77126, 77262, 77362, 77510, 77610, 77710, 77810, 77935, 78080, 78182, 78282, 78395, 78538, 78736, 78954, 79054, 79154, 79254, 79354, 79524, 79624, 79770, 79879]"
1663192335,2,100,0.005,0.001846179491988081,0.001900608889419291,0.3058823529411765,0.30024379571169596,0.6714258923548165,0.6765643558167156,0.2824474041486233,0.26444543334786724,0.6600715710211791,0.6648361093327212,9.693040293040294,407.10769230769233,42.0,0.0,"[454, 573, 1121, 1445, 2115, 2345, 3118, 3954, 4850, 5009, 5525, 5641, 5820, 6180, 6740, 6842, 7123, 7451, 7570, 7683, 8410, 9175, 9441, 10872, 11614, 12620, 13780, 14979, 15122, 15330, 17121, 18937, 19114, 19336, 19989, 20089, 20272, 20483, 20711, 21046, 21391, 21596, 21873, 21974, 22227, 22329, 22460, 22574, 22783, 22940, 23040, 23250, 23350, 23456, 23556, 23680, 23896, 24097, 24230, 24600, 24807, 24912, 25230, 25637, 25737, 25845, 26253, 26400, 26500, 26600, 26804, 27842, 27942, 28344, 29263, 29466, 29752, 30057, 30324, 30798, 30984, 31172, 31318, 31841, 31941, 32126, 32576, 32872, 33018, 33231, 33885, 33985, 34169, 34302, 36184, 37107, 38882, 39868, 40048, 40662, 43019, 43482, 43997, 44139, 44657, 46131, 46287, 46627, 46913, 47351, 47871, 48159, 48479, 48664, 48775, 48921, 49193, 49539, 49741, 49936, 50049, 50265, 50365, 50744, 50844, 51101, 51298, 51510, 51700, 51909, 52042, 52142, 52380, 52619, 52836, 52956, 53083, 53195, 53316, 53416, 53643, 54864, 56673, 57064, 57403, 57601, 57820, 57920, 58062, 58236, 58410, 59282, 59816, 59916, 60051, 60832, 61091, 62464, 63012, 63829, 65918, 66288, 66686, 68481, 69153, 70902, 72085, 72292, 72689, 72789, 73041, 73427, 74481, 74612, 74712, 75145, 75342, 75513, 75827, 75951, 76164, 76273, 76425, 76632, 76732, 76917, 77265, 77510, 77641, 77787, 78238, 78636, 78766, 78963, 79217, 79356, 79612, 79840]"
1663193292,2,250,0.05,0.01839997777361033,0.018625019969021966,0.3058823529411765,0.30024379571169596,0.6370819528661624,0.6354941551540914,0.2824474041486233,0.26444543334786724,0.6118275758282831,0.6103857896727832,126.4677966101695,3730.8,29.5,0.0,"[22052, 23159, 23478, 23728, 26571, 26821, 30465, 31994, 50107, 50465, 52616, 53170, 53420, 53670, 68652, 75495, 76737, 78014]"
1663194853,2,250,0.005,0.03562890264146749,0.03374243781820202,0.3058823529411765,0.30024379571169596,0.6265424767143839,0.6039257360755141,0.2824474041486233,0.26444543334786724,0.59756651078802,0.5776091830981392,291.6775956284153,8896.166666666666,30.5,0.0,"[23485, 23735, 26573, 26823, 50214, 53170, 53420, 53670, 76862]"
1663196480,2,500,0.05,0.04554603988247796,0.04346350655033533,0.3058823529411765,0.30024379571169596,0.6247046321185222,0.6044883415640433,0.2824474041486233,0.26444543334786724,0.5960371286668337,0.5785228126406834,1404.3947368421052,13341.75,9.5,0.0,"[23427, 26579, 27079, 50202, 53372, 53872, 76794]"
1663198505,2,500,0.005,0.07844283303119334,0.07215102831780958,0.3058823529411765,0.30024379571169596,0.6196536850659499,0.5888479089829343,0.2824474041486233,0.26444543334786724,0.591981767023006,0.565997496719548,2232.333333333333,26788.0,12.0,0.0,"[26584, 27084, 53372, 53872]"
1663200558,2,1000,0.05,0.044840550460354164,0.04340456692772752,0.3058823529411765,0.30024379571169596,0.6197662061636556,0.6040757642057886,0.2824474041486233,0.26444543334786724,0.5949739790155625,0.5813757009568615,605.8409090909091,13328.5,22.0,0.0,"[23844, 26597, 27597, 50568, 53379, 54379, 77158]"
1663203295,2,1000,0.005,0.07755829217978372,0.07242607988997936,0.3058823529411765,0.30024379571169596,0.6161155216603114,0.5899481152716134,0.2824474041486233,0.26444543334786724,0.5917600184722511,0.5697033663113408,669.5,26780.0,40.0,0.0,"[26616, 27616, 53396, 54396]"
1663206135,3,100,0.05,0.0007698713316027269,0.0008100019824380882,0.3058823529411765,0.30024379571169596,0.66541226479965,0.6785147215102831,0.2824474041486233,0.26444543334786724,0.6623393540295016,0.6752761275641529,3.265927750410509,171.46120689655172,52.5,0.0,"[321, 441, 541, 776, 1112, 1442, 1542, 1775, 2115, 2291, 2503, 3038, 3138, 3317, 3435, 3646, 3780, 3880, 3980, 4080, 4288, 4395, 4497, 4666, 4812, 4930, 5030, 5130, 5374, 5502, 5640, 5787, 5935, 6035, 6159, 6259, 6393, 6498, 6724, 6824, 6939, 7081, 7181, 7391, 7491, 7591, 7691, 7805, 7967, 8074, 8403, 8503, 8891, 8991, 9168, 9319, 9421, 9627, 9759, 9861, 10818, 11233, 11350, 11580, 12104, 12402, 12586, 12686, 13015, 13418, 13655, 13755, 14109, 14282, 14430, 14644, 14924, 15110, 15295, 15395, 15631, 15892, 16165, 16290, 16390, 16490, 16759, 17112, 17329, 17534, 17724, 18141, 18412, 18526, 18630, 18730, 18834, 18934, 19045, 19318, 19418, 19518, 19769, 19899, 19999, 20099, 20232, 20469, 20576, 20692, 20847, 21013, 21113, 21214, 21387, 21564, 21671, 21846, 21959, 22059, 22220, 22320, 22420, 22525, 22736, 22878, 22978, 23078, 23235, 23335, 23435, 23535, 23678, 23778, 23888, 24045, 24145, 24245, 24478, 24582, 24686, 24796, 24896, 24996, 25096, 25201, 25301, 25490, 25604, 25704, 25804, 25921, 26096, 26213, 26317, 26417, 26517, 26617, 26766, 26866, 27004, 27271, 27450, 27667, 27802, 27902, 28002, 28320, 28499, 28677, 28842, 28981, 29258, 29423, 29678, 29778, 29953, 30053, 30253, 30353, 30512, 30777, 30962, 31116, 31216, 31316, 31436, 31543, 31800, 31900, 32000, 32106, 32229, 32330, 32430, 32533, 32733, 32844, 32997, 33097, 33197, 33331, 33483, 33643, 33838, 33938, 34126, 34300, 34765, 35032, 35132, 35822, 36057, 36157, 36433, 36694, 36911, 37071, 37321, 37789, 38068, 38290, 38440, 38865, 39104, 39330, 39471, 39844, 40023, 40643, 40743, 40843, 41069, 41231, 41556, 41681, 41835, 42145, 42579, 42980, 43291, 43475, 43634, 43961, 44097, 44197, 44364, 44597, 44697, 45181, 45335, 45436, 45851, 46085, 46283, 46404, 46507, 46607, 46725, 46852, 47016, 47298, 47567, 47790, 47890, 48017, 48126, 48226, 48388, 48488, 48662, 48762, 48862, 48993, 49118, 49218, 49344, 49444, 49544, 49714, 49814, 49914, 50014, 50114, 50260, 50360, 50497, 50597, 50735, 50835, 51059, 51159, 51282, 51473, 51586, 51696, 51796, 51898, 52042, 52142, 52314, 52414, 52598, 52698, 52820, 52920, 53020, 53120, 53220, 53320, 53420, 53520, 53631, 53745, 53991, 54123, 54482, 54805, 55042, 55258, 55404, 55528, 55760, 55966, 56123, 56320, 56505, 56647, 56771, 56871, 57052, 57152, 57356, 57456, 57601, 57784, 57884, 58038, 58169, 58269, 58405, 58524, 58653, 58885, 59013, 59157, 59269, 59636, 59800, 59900, 60027, 60127, 60251, 60603, 60801, 60915, 61043, 61143, 61243, 61377, 61753, 61903, 62072, 62403, 62603, 62888, 63001, 63215, 63388, 63500, 63770, 63870, 64297, 64673, 64830, 64930, 65183, 65295, 65586, 65686, 65876, 66272, 66415, 66633, 66946, 67157, 67594, 67968, 68189, 68442, 68549, 68652, 68933, 69033, 69139, 69323, 69643, 69952, 70158, 70529, 70859, 71448, 71598, 71782, 72074, 72176, 72283, 72542, 72653, 72753, 72853, 73013, 73233, 73388, 73488, 73647, 73840, 74020, 74120, 74230, 74340, 74481, 74589, 74689, 74789, 74939, 75139, 75241, 75341, 75483, 75606, 75712, 75825, 75925, 76037, 76137, 76237, 76384, 76484, 76584, 76692, 76792, 76903, 77009, 77126, 77262, 77362, 77510, 77610, 77710, 77810, 77935, 78080, 78182, 78282, 78395, 78538, 78736, 78954, 79054, 79154, 79254, 79354, 79524, 79624, 79770, 79879]"
1663206848,3,100,0.005,0.0018607549829298576,0.0019149529623098745,0.3058823529411765,0.30024379571169596,0.6724510845783584,0.6774895292867412,0.2824474041486233,0.26444543334786724,0.6610302577819575,0.665707957279186,9.62838083687083,409.2061855670103,42.5,0.0,"[454, 577, 1121, 1445, 2119, 2345, 3118, 3954, 4850, 5009, 5525, 5641, 5821, 6180, 6740, 6842, 7123, 7451, 7570, 7683, 8410, 9175, 9441, 10872, 11616, 12620, 13781, 14979, 15122, 15330, 17122, 18937, 19114, 19336, 19989, 20089, 20272, 20483, 20711, 21046, 21391, 21596, 21873, 21975, 22227, 22329, 22460, 22575, 22784, 22940, 23040, 23250, 23350, 23456, 23556, 23680, 23896, 24099, 24230, 24600, 24807, 24912, 25230, 25637, 25737, 25845, 26253, 26400, 26500, 26600, 26807, 27843, 27943, 28347, 29263, 29470, 29752, 30057, 30324, 30798, 30984, 31172, 31318, 31845, 31945, 32126, 32576, 32872, 33018, 33231, 33885, 33985, 34169, 34302, 36184, 37107, 38882, 39871, 40662, 43019, 43482, 43997, 44139, 44657, 46133, 46287, 46627, 46913, 47351, 47871, 48159, 48479, 48664, 48777, 48921, 49193, 49539, 49741, 49936, 50049, 50265, 50365, 50744, 50844, 51101, 51298, 51510, 51700, 51909, 52042, 52142, 52380, 52619, 52836, 52956, 53083, 53195, 53317, 53417, 53664, 54872, 56673, 57069, 57403, 57601, 57820, 57920, 58062, 58236, 58410, 59283, 59816, 59916, 60051, 60833, 61091, 62464, 63012, 63829, 65919, 66288, 66686, 68481, 69153, 70902, 72085, 72292, 72689, 72789, 73041, 73427, 74481, 74612, 74712, 75147, 75342, 75540, 75827, 75954, 76164, 76273, 76426, 76632, 76732, 76917, 77265, 77510, 77641, 77787, 78238, 78636, 78766, 78963, 79218, 79356, 79612, 79840]"
1663207996,3,250,0.05,0.01948527113539671,0.019720609378964436,0.3058823529411765,0.30024379571169596,0.6371319622429206,0.6354941551540914,0.2824474041486233,0.26444543334786724,0.6119006784706528,0.6103841023433805,135.50121065375302,3997.285714285714,29.5,0.0,"[22052, 23159, 23479, 23729, 26571, 26821, 30471, 31994, 50107, 50466, 53170, 53420, 53670, 68652, 75495, 76737, 78014]"
1663209872,3,250,0.005,0.03562890264146749,0.03374243781820202,0.3058823529411765,0.30024379571169596,0.6265424767143839,0.6039257360755141,0.2824474041486233,0.26444543334786724,0.59756651078802,0.5776091830981392,291.6775956284153,8896.166666666666,30.5,0.0,"[23485, 23735, 26573, 26823, 50214, 53170, 53420, 53670, 76862]"
1663211751,3,500,0.05,0.0455424677841381,0.04345993445199547,0.3058823529411765,0.30024379571169596,0.6246796274301432,0.6044633368756642,0.2824474041486233,0.26444543334786724,0.5960161438015041,0.5785037650160666,1404.657894736842,13344.25,9.5,0.0,"[23431, 26579, 27079, 50202, 53372, 53872, 76808]"
1663214049,3,500,0.005,0.07844283303119334,0.07215102831780958,0.3058823529411765,0.30024379571169596,0.6196536850659499,0.5888479089829343,0.2824474041486233,0.26444543334786724,0.591981767023006,0.565997496719548,2232.333333333333,26788.0,12.0,0.0,"[26584, 27084, 53372, 53872]"
1663216414,3,1000,0.05,0.04484233650952411,0.043395636681877854,0.3058823529411765,0.30024379571169596,0.6197787085078452,0.604013252484841,0.2824474041486233,0.26444543334786724,0.5949943057115332,0.5813240853540838,605.875,13329.25,22.0,0.0,"[23849, 26597, 27597, 50576, 53379, 54379, 77166]"
1663219639,3,1000,0.005,0.07755829217978372,0.07242607988997936,0.3058823529411765,0.30024379571169596,0.6161155216603114,0.5899481152716134,0.2824474041486233,0.26444543334786724,0.5917600184722511,0.5697033663113408,669.5,26780.0,40.0,0.0,"[26616, 27616, 53396, 54396]"
1663222989,2,100,0.05,0.0007650370614703023,0.0008046455518920436,0.3058823529411765,0.30024379571169596,0.6654497718322185,0.6784272051009564,0.2824474041486233,0.26444543334786724,0.6623242004122387,0.6751462570742297,3.2449474864892425,170.35974304068523,52.5,0.0,"[321, 441, 541, 776, 1112, 1442, 1542, 1770, 2115, 2291, 2503, 2882, 3038, 3138, 3254, 3435, 3645, 3780, 3880, 3980, 4080, 4287, 4395, 4497, 4666, 4812, 4930, 5030, 5130, 5374, 5502, 5640, 5786, 5932, 6034, 6159, 6259, 6393, 6493, 6724, 6824, 6938, 7081, 7181, 7377, 7491, 7591, 7691, 7800, 7967, 8074, 8403, 8503, 8891, 8991, 9168, 9319, 9419, 9626, 9757, 9861, 10818, 11233, 11344, 11580, 12104, 12399, 12586, 12686, 13015, 13418, 13653, 13753, 14109, 14282, 14430, 14644, 14920, 15110, 15295, 15395, 15631, 15892, 16165, 16290, 16390, 16490, 16759, 17112, 17329, 17534, 17724, 18141, 18412, 18525, 18630, 18730, 18834, 18934, 19045, 19318, 19418, 19518, 19769, 19899, 19999, 20099, 20232, 20469, 20576, 20692, 20847, 21013, 21113, 21214, 21387, 21564, 21671, 21846, 21959, 22059, 22220, 22320, 22420, 22524, 22733, 22878, 22978, 23078, 23235, 23335, 23435, 23535, 23678, 23778, 23888, 24005, 24105, 24205, 24477, 24582, 24686, 24796, 24896, 24996, 25096, 25201, 25301, 25490, 25604, 25704, 25804, 25921, 26096, 26213, 26317, 26417, 26517, 26617, 26766, 26866, 27004, 27271, 27449, 27667, 27798, 27898, 27998, 28320, 28499, 28673, 28842, 28981, 29258, 29423, 29678, 29778, 29953, 30053, 30253, 30353, 30512, 30777, 30962, 31116, 31216, 31316, 31426, 31543, 31800, 31900, 32000, 32106, 32225, 32328, 32428, 32533, 32733, 32844, 32997, 33097, 33197, 33331, 33483, 33643, 33838, 33938, 34126, 34300, 34762, 35032, 35132, 35822, 36057, 36157, 36433, 36694, 36911, 37071, 37321, 37789, 38068, 38290, 38435, 38865, 39104, 39327, 39471, 39844, 40023, 40643, 40743, 40843, 41069, 41231, 41520, 41625, 41774, 41875, 42142, 42579, 42980, 43291, 43475, 43601, 43961, 44097, 44197, 44364, 44597, 44697, 45181, 45335, 45436, 45851, 46085, 46283, 46404, 46506, 46606, 46725, 46852, 47016, 47298, 47567, 47789, 47889, 48017, 48126, 48226, 48387, 48487, 48662, 48762, 48862, 48993, 49118, 49218, 49343, 49443, 49543, 49714, 49814, 49914, 50014, 50114, 50260, 50360, 50496, 50596, 50735, 50835, 51058, 51158, 51282, 51473, 51586, 51696, 51796, 51897, 52042, 52142, 52314, 52414, 52598, 52698, 52820, 52920, 53020, 53120, 53220, 53320, 53420, 53520, 53631, 53745, 53991, 54123, 54482, 54805, 55040, 55258, 55398, 55528, 55760, 55966, 56120, 56320, 56505, 56647, 56771, 56871, 57052, 57152, 57356, 57456, 57601, 57784, 57884, 58038, 58168, 58268, 58405, 58524, 58653, 58885, 59011, 59157, 59269, 59636, 59792, 59892, 59996, 60096, 60225, 60603, 60801, 60915, 61043, 61143, 61243, 61377, 61753, 61903, 62072, 62403, 62595, 62888, 63001, 63215, 63388, 63500, 63633, 63770, 63870, 64297, 64672, 64830, 64930, 65183, 65295, 65585, 65685, 65876, 66272, 66415, 66632, 66946, 67157, 67594, 67968, 68189, 68442, 68549, 68652, 68886, 68996, 69139, 69323, 69643, 69952, 70158, 70529, 70859, 71448, 71598, 71782, 72074, 72176, 72283, 72542, 72653, 72753, 72853, 73013, 73233, 73388, 73488, 73647, 73840, 74020, 74120, 74230, 74340, 74481, 74589, 74689, 74789, 74939, 75139, 75240, 75340, 75483, 75606, 75712, 75825, 75925, 76037, 76137, 76237, 76384, 76484, 76584, 76692, 76792, 76903, 77009, 77126, 77262, 77362, 77510, 77610, 77710, 77810, 77935, 78080, 78182, 78282, 78395, 78538, 78736, 78954, 79054, 79154, 79254, 79354, 79524, 79624, 79770, 79879]"
1663223599,2,100,0.005,0.0018456743467683018,0.0019004826031143462,0.3058823529411765,0.30024379571169596,0.6713258736013002,0.6765393511283365,0.2824474041486233,0.26444543334786724,0.6599933336658413,0.6648237669770442,9.693040293040294,407.10769230769233,42.0,0.0,"[454, 573, 1121, 1445, 2115, 2345, 3118, 3954, 4850, 5009, 5525, 5641, 5820, 6180, 6740, 6842, 7123, 7451, 7570, 7683, 8410, 9175, 9441, 10870, 11614, 12620, 13780, 14979, 15122, 15330, 17121, 18937, 19114, 19336, 19989, 20089, 20272, 20483, 20711, 21046, 21391, 21596, 21873, 21974, 22227, 22329, 22460, 22574, 22783, 22940, 23040, 23250, 23350, 23456, 23556, 23680, 23896, 24097, 24230, 24600, 24807, 24912, 25230, 25637, 25737, 25845, 26253, 26400, 26500, 26600, 26804, 27842, 27942, 28344, 29262, 29466, 29752, 30057, 30324, 30798, 30984, 31172, 31318, 31841, 31941, 32126, 32576, 32872, 33018, 33231, 33885, 33985, 34169, 34302, 36184, 37107, 38882, 39868, 40048, 40662, 43019, 43482, 43997, 44139, 44657, 46131, 46287, 46627, 46913, 47351, 47871, 48159, 48479, 48664, 48775, 48921, 49193, 49539, 49741, 49936, 50049, 50265, 50365, 50744, 50844, 51101, 51298, 51510, 51700, 51909, 52042, 52142, 52380, 52619, 52836, 52956, 53083, 53195, 53316, 53416, 53643, 54864, 56673, 57064, 57403, 57601, 57820, 57920, 58062, 58236, 58410, 59282, 59816, 59916, 60051, 60832, 61091, 62464, 63012, 63829, 65918, 66288, 66686, 68481, 69153, 70902, 72085, 72292, 72689, 72789, 73041, 73427, 74481, 74612, 74712, 75145, 75342, 75513, 75827, 75954, 76164, 76273, 76425, 76632, 76732, 76917, 77265, 77510, 77641, 77787, 78238, 78636, 78766, 78963, 79217, 79356, 79612, 79840]"
1663224558,2,250,0.05,0.01839997777361033,0.018625019969021966,0.3058823529411765,0.30024379571169596,0.6370819528661624,0.6354941551540914,0.2824474041486233,0.26444543334786724,0.6118275758282831,0.6103857896727832,126.4677966101695,3730.8,29.5,0.0,"[22052, 23159, 23478, 23728, 26571, 26821, 30465, 31994, 50107, 50466, 52616, 53170, 53420, 53670, 68652, 75495, 76737, 78014]"
1663226135,2,250,0.005,0.03562890264146749,0.03374243781820202,0.3058823529411765,0.30024379571169596,0.6265424767143839,0.6039257360755141,0.2824474041486233,0.26444543334786724,0.59756651078802,0.5776091830981392,291.6775956284153,8896.166666666666,30.5,0.0,"[23485, 23735, 26573, 26823, 50214, 53170, 53420, 53670, 76862]"
1663227745,2,500,0.05,0.04554603988247796,0.04346350655033533,0.3058823529411765,0.30024379571169596,0.6247046321185222,0.6044883415640433,0.2824474041486233,0.26444543334786724,0.5960371286668337,0.5785228126406834,1404.3947368421052,13341.75,9.5,0.0,"[23427, 26579, 27079, 50202, 53372, 53872, 76794]"
1663229724,2,500,0.005,0.07844283303119334,0.07215102831780958,0.3058823529411765,0.30024379571169596,0.6196536850659499,0.5888479089829343,0.2824474041486233,0.26444543334786724,0.591981767023006,0.565997496719548,2232.333333333333,26788.0,12.0,0.0,"[26584, 27084, 53372, 53872]"
1663231751,2,1000,0.05,0.044840550460354164,0.04340456692772752,0.3058823529411765,0.30024379571169596,0.6197662061636556,0.6040757642057886,0.2824474041486233,0.26444543334786724,0.5949739790155625,0.5813757009568615,605.8409090909091,13328.5,22.0,0.0,"[23844, 26597, 27597, 50568, 53379, 54379, 77158]"
1663234453,2,1000,0.005,0.07755829217978372,0.07242607988997936,0.3058823529411765,0.30024379571169596,0.6161155216603114,0.5899481152716134,0.2824474041486233,0.26444543334786724,0.5917600184722511,0.5697033663113408,669.5,26780.0,40.0,0.0,"[26616, 27616, 53396, 54396]"
1663237290,3,100,0.05,0.0007697107019129256,0.0008096807230584855,0.3058823529411765,0.30024379571169596,0.6653372507345128,0.6783646933800087,0.2824474041486233,0.26444543334786724,0.6622468972656764,0.6751106789014857,3.265927750410509,171.46120689655172,52.5,0.0,"[321, 441, 541, 776, 1112, 1442, 1542, 1775, 2115, 2291, 2503, 3038, 3138, 3318, 3435, 3646, 3780, 3880, 3980, 4080, 4288, 4395, 4497, 4666, 4812, 4930, 5030, 5130, 5374, 5502, 5640, 5787, 5935, 6035, 6159, 6259, 6393, 6498, 6724, 6824, 6939, 7081, 7181, 7391, 7491, 7591, 7691, 7805, 7967, 8074, 8403, 8503, 8891, 8991, 9168, 9319, 9421, 9627, 9758, 9861, 10818, 11233, 11350, 11580, 12104, 12402, 12586, 12686, 13015, 13418, 13655, 13755, 14112, 14282, 14430, 14644, 14920, 15110, 15295, 15395, 15631, 15892, 16165, 16290, 16390, 16490, 16759, 17112, 17329, 17534, 17724, 18141, 18412, 18526, 18630, 18730, 18834, 18934, 19045, 19318, 19418, 19518, 19771, 19899, 19999, 20099, 20232, 20469, 20576, 20693, 20847, 21013, 21113, 21214, 21387, 21564, 21671, 21846, 21959, 22059, 22220, 22320, 22420, 22525, 22736, 22878, 22978, 23078, 23235, 23335, 23435, 23535, 23678, 23778, 23888, 24045, 24145, 24245, 24478, 24582, 24686, 24796, 24896, 24996, 25096, 25201, 25301, 25490, 25604, 25704, 25804, 25921, 26096, 26213, 26317, 26417, 26517, 26617, 26766, 26866, 27004, 27271, 27450, 27667, 27802, 27902, 28002, 28320, 28499, 28673, 28842, 28981, 29258, 29423, 29678, 29778, 29953, 30053, 30253, 30353, 30512, 30777, 30962, 31116, 31216, 31316, 31436, 31543, 31800, 31900, 32000, 32106, 32229, 32330, 32430, 32533, 32733, 32844, 32997, 33097, 33197, 33331, 33483, 33643, 33838, 33938, 34126, 34300, 34765, 35032, 35132, 35822, 36057, 36157, 36434, 36694, 36911, 37071, 37321, 37789, 38068, 38290, 38440, 38865, 39104, 39330, 39471, 39844, 40023, 40643, 40743, 40843, 41069, 41231, 41556, 41681, 41835, 42145, 42579, 42980, 43291, 43475, 43634, 43961, 44097, 44197, 44364, 44597, 44697, 45181, 45335, 45436, 45851, 46085, 46283, 46404, 46506, 46606, 46725, 46852, 47016, 47298, 47567, 47791, 47891, 48017, 48126, 48226, 48389, 48489, 48662, 48762, 48862, 48993, 49118, 49218, 49344, 49444, 49544, 49714, 49814, 49914, 50014, 50114, 50260, 50360, 50497, 50597, 50735, 50835, 51059, 51159, 51282, 51473, 51586, 51696, 51796, 51898, 52042, 52142, 52314, 52414, 52598, 52698, 52820, 52920, 53020, 53120, 53220, 53320, 53420, 53520, 53631, 53745, 53991, 54123, 54482, 54805, 55042, 55258, 55405, 55528, 55760, 55966, 56123, 56320, 56505, 56647, 56771, 56871, 57052, 57152, 57356, 57456, 57601, 57784, 57884, 58038, 58169, 58269, 58405, 58524, 58653, 58885, 59013, 59157, 59269, 59636, 59800, 59900, 60027, 60127, 60251, 60603, 60801, 60915, 61043, 61143, 61243, 61377, 61753, 61903, 62072, 62403, 62603, 62888, 63001, 63215, 63388, 63500, 63770, 63870, 64297, 64673, 64830, 64930, 65183, 65295, 65586, 65686, 65876, 66272, 66415, 66634, 66946, 67157, 67594, 67968, 68189, 68442, 68549, 68652, 68933, 69033, 69139, 69323, 69643, 69952, 70158, 70529, 70859, 71448, 71598, 71782, 72074, 72176, 72283, 72542, 72653, 72753, 72853, 73013, 73233, 73388, 73488, 73647, 73840, 74020, 74120, 74230, 74340, 74481, 74589, 74689, 74789, 74939, 75139, 75241, 75341, 75483, 75606, 75712, 75825, 75925, 76037, 76137, 76237, 76384, 76484, 76584, 76692, 76792, 76903, 77009, 77126, 77262, 77362, 77510, 77610, 77710, 77810, 77935, 78080, 78182, 78282, 78395, 78538, 78736, 78954, 79054, 79154, 79254, 79354, 79524, 79624, 79770, 79879]"
1663237994,3,100,0.005,0.001862278111155994,0.0019155241353946758,0.3058823529411765,0.30024379571169596,0.6727511408389073,0.6776020503844471,0.2824474041486233,0.26444543334786724,0.6613294170522145,0.6658056435858656,9.62838083687083,409.2061855670103,42.5,0.0,"[454, 577, 1121, 1445, 2119, 2345, 3118, 3954, 4850, 5009, 5525, 5641, 5821, 6180, 6740, 6842, 7123, 7452, 7570, 7683, 8410, 9175, 9441, 10872, 11616, 12620, 13780, 14979, 15122, 15330, 17122, 18937, 19114, 19336, 19989, 20089, 20272, 20483, 20711, 21046, 21391, 21596, 21873, 21975, 22227, 22329, 22460, 22575, 22784, 22940, 23040, 23250, 23350, 23456, 23556, 23680, 23896, 24099, 24230, 24600, 24807, 24912, 25230, 25637, 25737, 25845, 26253, 26400, 26500, 26600, 26805, 27843, 27943, 28347, 29263, 29470, 29752, 30057, 30324, 30798, 30984, 31172, 31318, 31845, 31945, 32126, 32576, 32872, 33018, 33231, 33885, 33985, 34169, 34302, 36184, 37107, 38882, 39868, 40662, 43019, 43482, 43997, 44139, 44657, 46133, 46287, 46627, 46913, 47351, 47871, 48159, 48479, 48664, 48777, 48921, 49193, 49539, 49741, 49936, 50049, 50265, 50365, 50744, 50844, 51101, 51298, 51510, 51700, 51909, 52042, 52142, 52380, 52619, 52836, 52956, 53083, 53195, 53317, 53417, 53664, 54872, 56673, 57070, 57403, 57601, 57820, 57920, 58062, 58236, 58410, 59283, 59816, 59916, 60051, 60833, 61091, 62464, 63012, 63829, 65919, 66288, 66686, 68481, 69153, 70902, 72085, 72292, 72689, 72789, 73041, 73427, 74481, 74612, 74712, 75147, 75342, 75540, 75827, 75954, 76164, 76273, 76426, 76632, 76732, 76917, 77265, 77510, 77641, 77787, 78238, 78636, 78766, 78963, 79218, 79356, 79612, 79840]"
1663239119,3,250,0.05,0.01948527113539671,0.019720609378964436,0.3058823529411765,0.30024379571169596,0.6371319622429206,0.6354941551540914,0.2824474041486233,0.26444543334786724,0.6119006784706528,0.6103841023433805,135.50121065375302,3997.285714285714,29.5,0.0,"[22052, 23159, 23479, 23729, 26571, 26821, 30471, 31994, 50107, 50466, 53170, 53420, 53670, 68652, 75495, 76737, 78014]"
1663240966,3,250,0.005,0.03562890264146749,0.03374243781820202,0.3058823529411765,0.30024379571169596,0.6265424767143839,0.6039257360755141,0.2824474041486233,0.26444543334786724,0.59756651078802,0.5776091830981392,291.6775956284153,8896.166666666666,30.5,0.0,"[23485, 23735, 26573, 26823, 50214, 53170, 53420, 53670, 76862]"
1663242855,3,500,0.05,0.0455424677841381,0.04345993445199547,0.3058823529411765,0.30024379571169596,0.6246796274301432,0.6044633368756642,0.2824474041486233,0.26444543334786724,0.5960161438015041,0.5785037650160666,1404.657894736842,13344.25,9.5,0.0,"[23431, 26579, 27079, 50202, 53372, 53872, 76808]"
1663245179,3,500,0.005,0.07844283303119334,0.07215102831780958,0.3058823529411765,0.30024379571169596,0.6196536850659499,0.5888479089829343,0.2824474041486233,0.26444543334786724,0.591981767023006,0.565997496719548,2232.333333333333,26788.0,12.0,0.0,"[26584, 27084, 53372, 53872]"
1663247550,3,1000,0.05,0.04484233650952411,0.043395636681877854,0.3058823529411765,0.30024379571169596,0.6197787085078452,0.604013252484841,0.2824474041486233,0.26444543334786724,0.5949943057115332,0.5813240853540838,605.875,13329.25,22.0,0.0,"[23849, 26597, 27597, 50576, 53379, 54379, 77166]"
1663250801,3,1000,0.005,0.07755829217978372,0.07242607988997936,0.3058823529411765,0.30024379571169596,0.6161155216603114,0.5899481152716134,0.2824474041486233,0.26444543334786724,0.5917600184722511,0.5697033663113408,669.5,26780.0,40.0,0.0,"[26616, 27616, 53396, 54396]"
1663254165,2,100,0.05,0.0007645848490208936,0.0008046189511597253,0.3058823529411765,0.30024379571169596,0.6652372319809965,0.6784147027567669,0.2824474041486233,0.26444543334786724,0.6620916698757356,0.6751105446044035,3.2449474864892425,170.35974304068523,52.5,0.0,"[321, 441, 541, 776, 1112, 1442, 1542, 1770, 2115, 2291, 2503, 2882, 3038, 3138, 3254, 3435, 3645, 3780, 3880, 3980, 4080, 4287, 4395, 4497, 4666, 4812, 4930, 5030, 5130, 5374, 5502, 5640, 5786, 5932, 6034, 6159, 6259, 6393, 6493, 6724, 6824, 6938, 7081, 7181, 7377, 7491, 7591, 7691, 7800, 7967, 8074, 8403, 8503, 8891, 8991, 9168, 9319, 9419, 9626, 9757, 9861, 10818, 11233, 11348, 11580, 12104, 12360, 12586, 12686, 13015, 13418, 13653, 13753, 14109, 14282, 14430, 14644, 14920, 15110, 15295, 15395, 15631, 15892, 16165, 16290, 16390, 16490, 16759, 17112, 17329, 17534, 17724, 18141, 18412, 18526, 18630, 18730, 18834, 18934, 19045, 19318, 19418, 19518, 19769, 19899, 19999, 20099, 20232, 20469, 20576, 20692, 20847, 21013, 21113, 21214, 21386, 21564, 21671, 21846, 21959, 22059, 22220, 22320, 22420, 22524, 22733, 22878, 22978, 23078, 23235, 23335, 23435, 23535, 23678, 23778, 23888, 24005, 24105, 24205, 24477, 24582, 24686, 24796, 24896, 24996, 25096, 25201, 25301, 25490, 25604, 25704, 25804, 25921, 26096, 26213, 26317, 26417, 26517, 26617, 26766, 26866, 27004, 27271, 27449, 27667, 27798, 27898, 27998, 28320, 28499, 28673, 28842, 28981, 29258, 29423, 29678, 29778, 29953, 30053, 30253, 30353, 30512, 30777, 30962, 31116, 31216, 31316, 31426, 31543, 31800, 31900, 32000, 32106, 32225, 32328, 32428, 32533, 32733, 32844, 32997, 33097, 33197, 33331, 33483, 33643, 33838, 33938, 34126, 34300, 34762, 35032, 35132, 35822, 36057, 36157, 36433, 36694, 36911, 37071, 37321, 37789, 38068, 38290, 38435, 38865, 39104, 39327, 39471, 39844, 40023, 40643, 40743, 40843, 41069, 41231, 41520, 41625, 41774, 41875, 42142, 42579, 42980, 43291, 43475, 43601, 43961, 44097, 44197, 44364, 44597, 44697, 45163, 45266, 45436, 45851, 46078, 46283, 46404, 46506, 46606, 46725, 46852, 47016, 47298, 47567, 47789, 47889, 48017, 48126, 48226, 48387, 48487, 48662, 48762, 48862, 48993, 49118, 49218, 49343, 49443, 49543, 49714, 49814, 49914, 50014, 50114, 50260, 50360, 50496, 50596, 50735, 50835, 51058, 51158, 51282, 51473, 51586, 51696, 51796, 51897, 52042, 52142, 52314, 52414, 52598, 52698, 52820, 52920, 53020, 53120, 53220, 53320, 53420, 53520, 53631, 53745, 53991, 54123, 54482, 54805, 55040, 55258, 55398, 55528, 55760, 55966, 56120, 56318, 56505, 56647, 56771, 56871, 57052, 57152, 57356, 57456, 57601, 57784, 57884, 58038, 58168, 58268, 58405, 58524, 58653, 58885, 59011, 59157, 59269, 59636, 59792, 59892, 59996, 60096, 60225, 60603, 60801, 60915, 61043, 61143, 61243, 61377, 61753, 61903, 62072, 62403, 62595, 62888, 63001, 63215, 63388, 63500, 63633, 63770, 63870, 64295, 64672, 64830, 64930, 65183, 65295, 65585, 65685, 65876, 66272, 66415, 66632, 66946, 67157, 67594, 67968, 68189, 68442, 68549, 68652, 68886, 68995, 69139, 69323, 69643, 69952, 70158, 70529, 70859, 71448, 71598, 71782, 72074, 72176, 72283, 72542, 72653, 72753, 72853, 73013, 73233, 73388, 73488, 73647, 73840, 74020, 74120, 74230, 74340, 74481, 74589, 74689, 74789, 74939, 75139, 75240, 75340, 75483, 75606, 75712, 75825, 75925, 76037, 76137, 76237, 76384, 76484, 76584, 76692, 76792, 76903, 77009, 77126, 77262, 77362, 77510, 77610, 77710, 77810, 77935, 78080, 78182, 78282, 78395, 78538, 78736, 78954, 79054, 79154, 79254, 79354, 79524, 79624, 79770, 79879]"
1663254757,2,100,0.005,0.0018461163488356083,0.0019006720325717638,0.3058823529411765,0.30024379571169596,0.6714133900106269,0.6765768581609052,0.2824474041486233,0.26444543334786724,0.6600634677193836,0.6648503145720034,9.693040293040294,407.10769230769233,42.0,0.0,"[454, 573, 1121, 1445, 2115, 2345, 3118, 3954, 4850, 5009, 5525, 5641, 5820, 6180, 6740, 6842, 7123, 7451, 7570, 7683, 8410, 9175, 9441, 10872, 11614, 12620, 13780, 14979, 15122, 15330, 17121, 18937, 19114, 19336, 19989, 20089, 20272, 20483, 20711, 21046, 21391, 21596, 21873, 21974, 22227, 22329, 22460, 22574, 22783, 22940, 23040, 23250, 23350, 23456, 23556, 23680, 23896, 24097, 24230, 24600, 24807, 24912, 25230, 25637, 25737, 25845, 26253, 26400, 26500, 26600, 26804, 27842, 27942, 28344, 29263, 29466, 29752, 30057, 30324, 30798, 30984, 31172, 31318, 31841, 31941, 32126, 32576, 32872, 33018, 33231, 33885, 33985, 34169, 34302, 36184, 37107, 38882, 39868, 40048, 40662, 43019, 43482, 43997, 44139, 44657, 46131, 46287, 46627, 46913, 47351, 47871, 48159, 48479, 48664, 48775, 48921, 49193, 49539, 49741, 49936, 50049, 50265, 50365, 50744, 50844, 51101, 51298, 51510, 51700, 51909, 52042, 52142, 52380, 52619, 52836, 52956, 53083, 53195, 53316, 53416, 53643, 54864, 56673, 57064, 57403, 57601, 57820, 57920, 58062, 58236, 58410, 59282, 59816, 59916, 60051, 60832, 61091, 62464, 63012, 63829, 65918, 66288, 66686, 68481, 69153, 70902, 72085, 72292, 72689, 72789, 73041, 73427, 74481, 74612, 74712, 75145, 75342, 75513, 75827, 75954, 76164, 76273, 76426, 76632, 76732, 76917, 77265, 77510, 77641, 77787, 78238, 78636, 78766, 78963, 79217, 79356, 79612, 79840]"
1663255699,2,250,0.05,0.01839997777361033,0.018625019969021966,0.3058823529411765,0.30024379571169596,0.6370819528661624,0.6354941551540914,0.2824474041486233,0.26444543334786724,0.6118275758282831,0.6103857896727832,126.4677966101695,3730.8,29.5,0.0,"[22052, 23159, 23478, 23728, 26571, 26821, 30465, 31994, 50107, 50465, 52616, 53170, 53420, 53670, 68652, 75495, 76737, 78014]"
1663257238,2,250,0.005,0.03562890264146749,0.03374243781820202,0.3058823529411765,0.30024379571169596,0.6265424767143839,0.6039257360755141,0.2824474041486233,0.26444543334786724,0.59756651078802,0.5776091830981392,291.6775956284153,8896.166666666666,30.5,0.0,"[23485, 23735, 26573, 26823, 50214, 53170, 53420, 53670, 76862]"
1663258828,2,500,0.05,0.04554603988247796,0.04346350655033533,0.3058823529411765,0.30024379571169596,0.6247046321185222,0.6044883415640433,0.2824474041486233,0.26444543334786724,0.5960371286668337,0.5785228126406834,1404.3947368421052,13341.75,9.5,0.0,"[23427, 26579, 27079, 50202, 53372, 53872, 76794]"
1663260793,2,500,0.005,0.07844283303119334,0.07215102831780958,0.3058823529411765,0.30024379571169596,0.6196536850659499,0.5888479089829343,0.2824474041486233,0.26444543334786724,0.591981767023006,0.565997496719548,2232.333333333333,26788.0,12.0,0.0,"[26584, 27084, 53372, 53872]"
1663262811,2,1000,0.05,0.044840550460354164,0.04340456692772752,0.3058823529411765,0.30024379571169596,0.6197662061636556,0.6040757642057886,0.2824474041486233,0.26444543334786724,0.5949739790155625,0.5813757009568615,605.8409090909091,13328.5,22.0,0.0,"[23844, 26597, 27597, 50568, 53379, 54379, 77158]"
1663265543,2,1000,0.005,0.07755829217978372,0.07242607988997936,0.3058823529411765,0.30024379571169596,0.6161155216603114,0.5899481152716134,0.2824474041486233,0.26444543334786724,0.5917600184722511,0.5697033663113408,669.5,26780.0,40.0,0.0,"[26616, 27616, 53396, 54396]"
1663268359,3,100,0.05,0.0007704335355170315,0.0008101090688979557,0.3058823529411765,0.30024379571169596,0.6656748140276302,0.6785647308870413,0.2824474041486233,0.26444543334786724,0.6626203955127487,0.6752798470277194,3.265927750410509,171.46120689655172,52.5,0.0,"[321, 441, 541, 776, 1112, 1442, 1542, 1775, 2115, 2291, 2503, 3038, 3138, 3317, 3435, 3646, 3780, 3880, 3980, 4080, 4288, 4395, 4497, 4666, 4812, 4930, 5030, 5130, 5374, 5502, 5640, 5786, 5933, 6034, 6159, 6259, 6393, 6498, 6724, 6824, 6939, 7081, 7181, 7391, 7491, 7591, 7691, 7805, 7967, 8074, 8403, 8503, 8891, 8991, 9168, 9319, 9421, 9627, 9759, 9861, 10818, 11233, 11350, 11580, 12104, 12402, 12586, 12686, 13022, 13418, 13655, 13755, 14109, 14282, 14430, 14644, 14920, 15110, 15295, 15395, 15631, 15892, 16165, 16290, 16390, 16490, 16759, 17112, 17329, 17534, 17724, 18141, 18412, 18526, 18630, 18730, 18834, 18934, 19045, 19318, 19418, 19518, 19771, 19899, 19999, 20099, 20232, 20469, 20576, 20693, 20847, 21013, 21113, 21214, 21387, 21564, 21671, 21846, 21959, 22059, 22220, 22320, 22420, 22525, 22736, 22878, 22978, 23078, 23235, 23335, 23435, 23535, 23678, 23778, 23888, 24045, 24145, 24245, 24478, 24582, 24686, 24796, 24896, 24996, 25096, 25201, 25301, 25490, 25604, 25704, 25804, 25921, 26096, 26213, 26317, 26417, 26517, 26617, 26766, 26866, 27004, 27271, 27449, 27667, 27802, 27902, 28002, 28320, 28499, 28673, 28842, 28981, 29258, 29423, 29678, 29778, 29953, 30053, 30253, 30353, 30512, 30777, 30962, 31116, 31216, 31316, 31436, 31543, 31800, 31900, 32000, 32106, 32226, 32330, 32430, 32533, 32733, 32844, 32997, 33097, 33197, 33331, 33483, 33643, 33838, 33938, 34126, 34300, 34765, 35032, 35132, 35822, 36057, 36157, 36434, 36694, 36911, 37071, 37321, 37789, 38068, 38290, 38440, 38865, 39104, 39330, 39471, 39844, 40023, 40643, 40743, 40843, 41069, 41231, 41556, 41681, 41835, 42142, 42579, 42981, 43291, 43475, 43601, 43961, 44097, 44197, 44364, 44597, 44697, 45181, 45335, 45436, 45851, 46085, 46283, 46404, 46507, 46607, 46725, 46852, 47016, 47298, 47567, 47790, 47890, 48017, 48126, 48226, 48388, 48488, 48662, 48762, 48862, 48993, 49118, 49218, 49344, 49444, 49544, 49714, 49814, 49914, 50014, 50114, 50260, 50360, 50497, 50597, 50735, 50835, 51059, 51159, 51282, 51473, 51586, 51696, 51796, 51898, 52042, 52142, 52314, 52414, 52598, 52698, 52820, 52920, 53020, 53120, 53220, 53320, 53420, 53520, 53631, 53745, 53991, 54123, 54482, 54805, 55042, 55258, 55404, 55528, 55760, 55966, 56123, 56320, 56505, 56647, 56771, 56871, 57052, 57152, 57356, 57456, 57601, 57784, 57884, 58038, 58169, 58269, 58405, 58524, 58653, 58885, 59013, 59157, 59269, 59636, 59800, 59900, 60027, 60127, 60251, 60603, 60801, 60915, 61043, 61143, 61243, 61377, 61753, 61903, 62072, 62403, 62595, 62888, 63001, 63215, 63388, 63500, 63771, 63871, 64297, 64673, 64830, 64930, 65183, 65295, 65586, 65686, 65876, 66273, 66415, 66633, 66946, 67157, 67594, 67968, 68189, 68442, 68549, 68652, 68933, 69033, 69139, 69323, 69643, 69952, 70158, 70529, 70859, 71448, 71598, 71782, 72074, 72176, 72283, 72542, 72653, 72753, 72853, 73013, 73233, 73388, 73488, 73647, 73840, 74020, 74120, 74230, 74340, 74481, 74589, 74689, 74789, 74939, 75139, 75241, 75341, 75483, 75606, 75712, 75825, 75925, 76037, 76137, 76237, 76384, 76484, 76584, 76692, 76792, 76903, 77009, 77126, 77262, 77362, 77510, 77610, 77710, 77810, 77935, 78080, 78182, 78282, 78395, 78538, 78736, 78954, 79054, 79154, 79254, 79354, 79524, 79624, 79770, 79879]"
1663269051,3,100,0.005,0.0018618338654233706,0.001915651062746854,0.3058823529411765,0.30024379571169596,0.6726636244295805,0.6776270550728262,0.2824474041486233,0.26444543334786724,0.6612657156398466,0.6658659731166375,9.62838083687083,409.2061855670103,42.5,0.0,"[454, 577, 1121, 1445, 2119, 2345, 3119, 3954, 4850, 5009, 5525, 5641, 5821, 6180, 6740, 6842, 7123, 7452, 7570, 7683, 8410, 9175, 9441, 10872, 11616, 12620, 13780, 14979, 15122, 15330, 17122, 18937, 19114, 19336, 19989, 20089, 20272, 20483, 20711, 21046, 21391, 21596, 21873, 21975, 22227, 22329, 22460, 22574, 22783, 22940, 23040, 23250, 23350, 23456, 23556, 23680, 23896, 24099, 24230, 24600, 24807, 24912, 25230, 25637, 25737, 25845, 26253, 26400, 26500, 26600, 26807, 27843, 27943, 28347, 29263, 29470, 29752, 30057, 30324, 30798, 30984, 31172, 31318, 31845, 31945, 32126, 32576, 32872, 33018, 33231, 33885, 33985, 34169, 34302, 36184, 37107, 38882, 39868, 40662, 43019, 43482, 43997, 44139, 44659, 46133, 46287, 46627, 46913, 47351, 47871, 48159, 48479, 48664, 48775, 48921, 49193, 49539, 49741, 49936, 50049, 50265, 50365, 50744, 50844, 51101, 51298, 51510, 51700, 51909, 52042, 52142, 52380, 52619, 52836, 52956, 53083, 53195, 53317, 53417, 53664, 54872, 56673, 57069, 57403, 57601, 57820, 57920, 58062, 58236, 58410, 59283, 59816, 59916, 60051, 60833, 61091, 62464, 63012, 63829, 65919, 66288, 66686, 68481, 69153, 70902, 72085, 72292, 72689, 72789, 73041, 73427, 74481, 74612, 74712, 75147, 75342, 75540, 75827, 75954, 76164, 76273, 76426, 76632, 76732, 76917, 77265, 77510, 77641, 77787, 78238, 78636, 78766, 78963, 79218, 79356, 79612, 79840]"
1663270165,3,250,0.05,0.019488212863441306,0.019722815674997885,0.3058823529411765,0.30024379571169596,0.6371819716196787,0.63553166218666,0.2824474041486233,0.26444543334786724,0.6119509321749299,0.610413989497572,135.50121065375302,3997.285714285714,29.5,0.0,"[22052, 23159, 23479, 23729, 26571, 26821, 30470, 31994, 50107, 50466, 53170, 53420, 53670, 68652, 75495, 76737, 78014]"
1663271986,3,250,0.005,0.03562890264146749,0.03374243781820202,0.3058823529411765,0.30024379571169596,0.6265424767143839,0.6039257360755141,0.2824474041486233,0.26444543334786724,0.59756651078802,0.5776091830981392,291.6775956284153,8896.166666666666,30.5,0.0,"[23485, 23735, 26573, 26823, 50214, 53170, 53420, 53670, 76862]"
1663273848,3,500,0.05,0.0455424677841381,0.04345993445199547,0.3058823529411765,0.30024379571169596,0.6246796274301432,0.6044633368756642,0.2824474041486233,0.26444543334786724,0.5960161438015041,0.5785037650160666,1404.657894736842,13344.25,9.5,0.0,"[23431, 26579, 27079, 50202, 53372, 53872, 76808]"
1663276192,3,500,0.005,0.07844283303119334,0.07215102831780958,0.3058823529411765,0.30024379571169596,0.6196536850659499,0.5888479089829343,0.2824474041486233,0.26444543334786724,0.591981767023006,0.565997496719548,2232.333333333333,26788.0,12.0,0.0,"[26584, 27084, 53372, 53872]"
1663278530,3,1000,0.05,0.04484233650952411,0.043395636681877854,0.3058823529411765,0.30024379571169596,0.6197787085078452,0.604013252484841,0.2824474041486233,0.26444543334786724,0.5949943057115332,0.5813240853540838,605.875,13329.25,22.0,0.0,"[23849, 26597, 27597, 50576, 53379, 54379, 77166]"
1663281738,3,1000,0.005,0.07755829217978372,0.07242607988997936,0.3058823529411765,0.30024379571169596,0.6161155216603114,0.5899481152716134,0.2824474041486233,0.26444543334786724,0.5917600184722511,0.5697033663113408,669.5,26780.0,40.0,0.0,"[26616, 27616, 53396, 54396]"
